index,创作者ID,创作者名称_x,是否官方_x,5月被开练课程数量,开练UV,开练PV,首次开练UV,首次开练PV,5月被完练课程数量,完练UV,完练PV,首次完练UV,首次完练PV,首次完练&复练UV,创作者次月完练-完练留存UV,详情页UV,详情页PV,创作者月完练-完练留存UV,创作者月完练-7日内App留存UV,次月复练率-UV,完练率-UV,当月复练率,完练-7日内App留存率,创作者名称_y,是否官方_y,classif
0,5e900e47b52fab25b7214433,减脂塑形中的Keep君,"[false,true]",409.0,5655327.0,26614200.0,3276641.0,5497255.0,404.0,4378045.0,20881209.0,2177768.0,2913176.0,1106877.0,1553324.0,8288366.0,70447593.0,2374203.0,3511408.0,0.35,0.77,0.54,0.8,减脂塑形中的Keep君,"[false,true]",0
1,5f0fc67f650b9c74c0c09e9d,帕梅拉_PamelaReif,[false],197.0,4140290.0,27980477.0,3115998.0,7684155.0,196.0,3246820.0,22010010.0,2246565.0,4659194.0,1578039.0,1199478.0,5851274.0,73446144.0,1724381.0,2645523.0,0.37,0.78,0.53,0.81,帕梅拉_PamelaReif,[false],0
2,5588c6cbb7d3f7ee66a50bb0,Keep_课程,"[true,false]",343.0,3338011.0,12953165.0,1959592.0,2864510.0,324.0,2744024.0,10887460.0,1248711.0,1495005.0,499979.0,893112.0,5003771.0,30291128.0,1364081.0,2228522.0,0.33,0.82,0.5,0.81,Keep_课程,"[true,false]",0
3,57bae2760a64ee6335f9a80e,爱跑步的Keep君,[true],89.0,2985643.0,14129288.0,1561085.0,2610218.0,89.0,2720267.0,12793185.0,504832.0,580944.0,232942.0,1051733.0,4123196.0,28100916.0,1510360.0,2192149.0,0.39,0.91,0.56,0.81,爱跑步的Keep君,[true],0
4,5f046d6ad523e91a22fb9c58,韩小四AprilHan,[false],39.0,2304051.0,11320728.0,1610545.0,2673434.0,39.0,1732635.0,8945188.0,1104919.0,1564379.0,638533.0,557341.0,3564179.0,29353961.0,935802.0,1441207.0,0.32,0.75,0.54,0.83,韩小四AprilHan,[false],0
5,55e25ecd46fcd1542d79335f,孵小蛋Sophia,[false],48.0,1713272.0,5430178.0,1355102.0,1909201.0,48.0,1392449.0,4357902.0,1077638.0,1382118.0,383857.0,243112.0,2990730.0,11319884.0,519735.0,1038464.0,0.17,0.81,0.37,0.75,孵小蛋Sophia,[false],1
6,5e900ef2b52fab25b7219384,增肌中的Keep君,[true],51.0,1374244.0,5584184.0,893555.0,1428721.0,51.0,1059943.0,4356957.0,609334.0,776793.0,298626.0,411869.0,2098007.0,17491853.0,558687.0,848775.0,0.39,0.77,0.53,0.8,增肌中的Keep君,[true],1
7,56cfe665af1acaf20330c4f7,语姐姐,"[false,true]",104.0,1190325.0,3962302.0,902169.0,1229030.0,104.0,894650.0,3109373.0,648210.0,790834.0,263992.0,202654.0,2138071.0,10164549.0,386208.0,711253.0,0.23,0.75,0.43,0.8,语姐姐,"[false,true]",1
8,57a31cbf0d67f923059a5a83,周六野Zoey,[false],122.0,1037553.0,3742923.0,750860.0,1148878.0,122.0,796947.0,2956359.0,541885.0,733951.0,230064.0,203374.0,1801043.0,10396351.0,353286.0,670376.0,0.26,0.77,0.44,0.84,周六野Zoey,[false],1
9,6051ae7da78eee41a7fd5de6,挺住别胖啊,[false],286.0,950779.0,3809085.0,746162.0,1271249.0,286.0,682953.0,2835171.0,495580.0,706877.0,253815.0,238808.0,1639954.0,11976641.0,348493.0,597875.0,0.35,0.72,0.51,0.88,挺住别胖啊,[false],1
10,5abcb4ebe666864ca1d33e40,im斯文姐,[false],57.0,850830.0,2413771.0,606987.0,755893.0,56.0,592752.0,1782821.0,396076.0,440258.0,129135.0,123625.0,1505028.0,5895677.0,234283.0,484190.0,0.21,0.7,0.4,0.82,im斯文姐,[false],1
11,623a9d97eaf6fb00010ecb21,慷慨的觅眸,[false],31.0,846186.0,2040472.0,781393.0,891852.0,31.0,640651.0,1571872.0,596277.0,599380.0,210680.0,603.0,1602656.0,4342544.0,236899.0,482456.0,0.0,0.76,0.37,0.75,慷慨的觅眸,[false],2
12,5701fc7bbdd5b65b71140b7c,Koach-Punk,[false],245.0,781380.0,1817060.0,734487.0,850442.0,29.0,565319.0,1376470.0,530527.0,542651.0,177626.0,69703.0,1506140.0,4326901.0,195518.0,406455.0,0.12,0.72,0.35,0.72,Koach-Punk,[false],2
13,57d12cc931f11615833b6e47,全家桶你造嘛,[false],66.0,721333.0,3464007.0,517109.0,783181.0,68.0,573287.0,2845385.0,383092.0,496696.0,232096.0,199023.0,1197473.0,8229595.0,329702.0,493887.0,0.35,0.79,0.58,0.86,全家桶你造嘛,[false],1
14,557cdbcabf13604068ae6a76,安安小雨_,"[false,true]",236.0,654619.0,2628211.0,464827.0,665351.0,126.0,492582.0,2068092.0,317258.0,393390.0,143444.0,143866.0,1186660.0,7069722.0,240259.0,421052.0,0.29,0.75,0.49,0.85,安安小雨_,"[false,true]",1
15,5f113f85650b9c74c032a67b,欧阳春晓Aurora,[false],63.0,614278.0,3112401.0,346137.0,505317.0,63.0,508529.0,2542617.0,261185.0,304978.0,162950.0,172855.0,892608.0,6732422.0,323861.0,444681.0,0.34,0.83,0.64,0.87,欧阳春晓Aurora,[false],1
16,57c3c043493303162d569d8c,Jessie六六要自律,[false],69.0,613771.0,1659722.0,518031.0,643992.0,69.0,450332.0,1285482.0,367649.0,405527.0,121868.0,92326.0,1159559.0,4028892.0,170334.0,369386.0,0.21,0.73,0.38,0.82,Jessie六六要自律,[false],1
17,5cc9bcd6d20f9c47d9f6cdc8,猫叔慢跑,"[false,true]",148.0,599420.0,2525225.0,475381.0,706219.0,143.0,394240.0,1967146.0,282441.0,370750.0,133923.0,101073.0,1256317.0,6595683.0,185707.0,306741.0,0.26,0.66,0.47,0.78,猫叔慢跑,"[false,true]",1
18,623a9da884307c0001bf2489,气质超好的大方的素颜,[false],51.0,553031.0,1016963.0,546813.0,628791.0,50.0,490846.0,863985.0,487736.0,527879.0,129572.0,80037.0,1156549.0,2826245.0,127462.0,353175.0,0.16,0.89,0.26,0.72,气质超好的大方的素颜,[false],2
19,5638c42178f2402305feee70,男人要活出你的霸气,[false],98.0,522349.0,1735708.0,415018.0,550744.0,98.0,327478.0,1246870.0,241876.0,279951.0,89221.0,65968.0,1038459.0,4259937.0,137398.0,255216.0,0.2,0.63,0.42,0.78,男人要活出你的霸气,[false],1
20,57209de54714702202cd6705,Koach团子,[false],748.0,478283.0,1104393.0,384385.0,459615.0,70.0,349696.0,773442.0,294033.0,328322.0,73923.0,43907.0,905740.0,2656607.0,97406.0,261776.0,0.13,0.73,0.28,0.75,Koach团子,[false],2
21,5783b1828ea21744059ecc96,点滴斯诺,[false],28.0,478020.0,851300.0,476148.0,686492.0,28.0,240006.0,406047.0,239887.0,285213.0,69304.0,1372.0,1057167.0,3515952.0,64001.0,205465.0,0.01,0.5,0.27,0.86,点滴斯诺,[false],2
22,5e9001a8d20f9c0d2ab7bcdc,练瑜伽的Keep君,[true],116.0,450047.0,1582138.0,235456.0,338732.0,116.0,331489.0,1249988.0,136458.0,173141.0,37921.0,120027.0,725055.0,3792790.0,138376.0,269338.0,0.36,0.74,0.42,0.81,练瑜伽的Keep君,[true],1
23,62207f878b21f80001b76321,伴你入睡的 Keep 君,[true],128.0,423464.0,1901692.0,289002.0,583386.0,124.0,369228.0,1549653.0,122189.0,211673.0,48713.0,132888.0,598151.0,3651222.0,185001.0,294496.0,0.36,0.87,0.5,0.8,伴你入睡的 Keep 君,[true],1
24,56fde40b5bc83f494b2d9733,向安茜,[false],49.0,415118.0,1140983.0,301345.0,364144.0,49.0,274075.0,857470.0,176054.0,181395.0,60557.0,44348.0,693071.0,2370084.0,120197.0,235176.0,0.16,0.66,0.44,0.86,向安茜,[false],1
25,56d16ad982ecf1ab7a9227fd,Ternura刘建,[false],55.0,394610.0,1094363.0,297541.0,412405.0,55.0,257529.0,742023.0,175036.0,200859.0,62673.0,66412.0,732904.0,3858864.0,108067.0,207061.0,0.26,0.65,0.42,0.8,Ternura刘建,[false],1
26,5a39dd651cf3d1376437a27f,赵没力,"[false,true]",283.0,374105.0,1161083.0,282919.0,389620.0,113.0,264639.0,900824.0,182133.0,232657.0,60080.0,75901.0,729781.0,3220520.0,102052.0,219121.0,0.29,0.71,0.39,0.83,赵没力,"[false,true]",1
27,5690afe91c705473183af9d6,Jay潘潘,[false],26.0,358933.0,971923.0,257669.0,291157.0,26.0,288477.0,814536.0,196949.0,202959.0,65015.0,49401.0,701279.0,2278118.0,116090.0,228224.0,0.17,0.8,0.4,0.79,Jay潘潘,[false],1
28,5e9001e06fbc5661efd8e3ea,跳操跳舞的Keep君,"[false,true]",71.0,354787.0,1050192.0,223844.0,299968.0,72.0,244012.0,795249.0,127987.0,154795.0,40546.0,58809.0,720564.0,2819969.0,98621.0,203483.0,0.24,0.69,0.4,0.83,跳操跳舞的Keep君,"[false,true]",1
29,5e900f0c790b93014b25baf2,修炼体态的Keep君 ,[true],12.0,344492.0,1309167.0,170184.0,219268.0,12.0,279041.0,1140021.0,118833.0,130598.0,38542.0,60755.0,611716.0,2753671.0,117033.0,221425.0,0.22,0.81,0.42,0.79,修炼体态的Keep君 ,[true],1
30,5a839775e66686127449fc21,古月子辰,[false],112.0,325604.0,840101.0,271534.0,332419.0,109.0,226967.0,619105.0,185180.0,205730.0,55466.0,37292.0,698165.0,2262847.0,79714.0,185212.0,0.16,0.7,0.35,0.82,古月子辰,[false],1
31,57028cca6cd4753005d9bfba,Derek大骏,[false],108.0,318270.0,773593.0,260344.0,309503.0,107.0,201076.0,549904.0,150616.0,157299.0,47274.0,43788.0,718144.0,2340307.0,77734.0,161501.0,0.22,0.63,0.39,0.8,Derek大骏,[false],1
32,621c475c710fa300018b2b99,月球上的温柔少女心,[false],69.0,310098.0,835704.0,250500.0,284729.0,68.0,232724.0,659963.0,183264.0,189167.0,58549.0,39565.0,659172.0,1968868.0,88988.0,187485.0,0.17,0.75,0.38,0.81,月球上的温柔少女心,[false],1
33,59ef0d871cf3d14e9edafe81,Koach-Jonathan乔纳森,"[true,false]",38.0,260692.0,943008.0,128046.0,183963.0,31.0,192543.0,703222.0,78910.0,95669.0,31653.0,61419.0,542333.0,2671145.0,96990.0,169026.0,0.32,0.74,0.5,0.88,Koach-Jonathan乔纳森,"[true,false]",1
34,56492e6cec3142e6c7cbae03,魔力桃桃,[false],127.0,233524.0,776436.0,206575.0,371743.0,127.0,161376.0,568023.0,137796.0,235714.0,51558.0,26695.0,470641.0,2129526.0,48964.0,124383.0,0.17,0.69,0.3,0.77,魔力桃桃,[false],2
35,5cdad45fd20f9c3a8e4d4118,爱健身的较真万,[false],16.0,232907.0,606765.0,183949.0,222216.0,16.0,149215.0,407867.0,113593.0,116318.0,41372.0,31308.0,465468.0,1802223.0,63076.0,120470.0,0.21,0.64,0.42,0.81,爱健身的较真万,[false],1
37,5808852d4933031fb0924942,miss朱zhu,[false],26.0,225000.0,526162.0,198463.0,225621.0,26.0,168251.0,409104.0,146305.0,152697.0,45224.0,32311.0,487798.0,1371692.0,58800.0,133979.0,0.19,0.75,0.35,0.8,miss朱zhu,[false],1
38,559d1eebac29b6b694a5e46f,楚仔Charlotte,[false],65.0,213788.0,533554.0,152562.0,174601.0,65.0,148894.0,423049.0,93673.0,99382.0,25963.0,31296.0,479626.0,1405041.0,57761.0,125183.0,0.21,0.7,0.39,0.84,楚仔Charlotte,[false],1
39,56aede59da2e4c2838799e7e,闫帅奇,[false],36.0,201687.0,527982.0,162992.0,198406.0,36.0,138584.0,394341.0,106003.0,114203.0,33093.0,28430.0,476069.0,1657402.0,51071.0,109326.0,0.21,0.69,0.37,0.79,闫帅奇,[false],1
40,5a2e43c51cf3d162335f5fe5,周政廷,[false],81.0,199840.0,508111.0,166748.0,219500.0,81.0,134156.0,350713.0,106452.0,119969.0,36197.0,37613.0,457381.0,2244278.0,52499.0,113923.0,0.28,0.67,0.39,0.85,周政廷,[false],1
41,5e4124ce6fbc567d16ffa527,八一师傅,[false],21.0,199653.0,512791.0,153588.0,191763.0,21.0,132501.0,353448.0,95610.0,100193.0,34799.0,34430.0,436934.0,1788231.0,55650.0,108496.0,0.26,0.66,0.42,0.82,八一师傅,[false],1
42,571da97a3a8fdb88019c021b,MissCC就是我鸭,[false],8.0,193818.0,542356.0,133042.0,149263.0,8.0,143096.0,427474.0,90780.0,92589.0,32440.0,28701.0,421595.0,1421044.0,62576.0,112552.0,0.2,0.74,0.44,0.79,MissCC就是我鸭,[false],1
43,58880ea2387e283039554eb0,Nne-,[false],64.0,193539.0,479567.0,164908.0,189007.0,64.0,147639.0,364318.0,127462.0,136675.0,38095.0,15511.0,400489.0,1163982.0,48222.0,112157.0,0.11,0.76,0.33,0.76,Nne-,[false],2
44,5e6a31dab52fab635d5d1cb4,芥末味小丸子,[false],36.0,189459.0,463187.0,140478.0,157121.0,36.0,155958.0,388199.0,112928.0,116922.0,32219.0,21435.0,364835.0,1085354.0,54870.0,126554.0,0.14,0.82,0.35,0.81,芥末味小丸子,[false],2
45,5c00d94a1cf3d16cc070447b,EmiWong_王艾米,[false],110.0,172709.0,388560.0,133293.0,151839.0,110.0,124247.0,296590.0,89591.0,94525.0,23059.0,18080.0,375051.0,1048448.0,40512.0,99944.0,0.15,0.72,0.33,0.8,EmiWong_王艾米,[false],2
46,623a9d3deaf6fb00010ec663,勤奋的不浪漫罪名,[false],56.0,162624.0,323253.0,149974.0,176733.0,56.0,121549.0,213951.0,117641.0,126941.0,25439.0,8233.0,339174.0,815305.0,26402.0,96437.0,0.07,0.75,0.22,0.79,勤奋的不浪漫罪名,[false],2
47,5506c982d104a6c9311cd7a1,Koach大婷婷,[false],512.0,156304.0,394740.0,111836.0,123331.0,32.0,110371.0,279026.0,86338.0,88608.0,24177.0,16701.0,310223.0,826370.0,37474.0,85208.0,0.15,0.71,0.34,0.77,Koach大婷婷,[false],1
48,623a9dcdd611d60001c0f0b2,爱地球的坚强的该用户已成仙,[false],14.0,140611.0,291373.0,139110.0,148983.0,14.0,131404.0,264020.0,131083.0,134982.0,42798.0,86.0,284091.0,720917.0,42146.0,99348.0,0.0,0.93,0.32,0.76,爱地球的坚强的该用户已成仙,[false],2
49,56c9a197d303c32105b46b9e,白鹳yoga,[false],40.0,139655.0,328403.0,83339.0,92296.0,40.0,114507.0,277104.0,62830.0,64203.0,16232.0,23992.0,226033.0,664493.0,40933.0,87149.0,0.21,0.82,0.36,0.76,白鹳yoga,[false],1
50,5e900fcc6fbc5661efded8a9,Keep热汗瑜伽,"[true,false]",94.0,138580.0,407028.0,104715.0,154744.0,94.0,97899.0,313283.0,66955.0,92904.0,22623.0,24043.0,700545.0,2060568.0,35095.0,84825.0,0.25,0.71,0.36,0.87,Keep热汗瑜伽,"[true,false]",1
51,616693a9edd76c0291366003,嗨皮燃脂,[true],36.0,137738.0,394414.0,122348.0,183002.0,36.0,87764.0,280236.0,73810.0,101436.0,31723.0,13675.0,672260.0,1935591.0,36024.0,78789.0,0.16,0.64,0.41,0.9,嗨皮燃脂,[true],1
52,56eea9715a9ef22e05b551ce,Koach-Jojo,[false],614.0,130791.0,295164.0,107444.0,131500.0,81.0,89425.0,210626.0,73983.0,84554.0,19505.0,14327.0,303335.0,948859.0,26154.0,72008.0,0.16,0.68,0.29,0.81,Koach-Jojo,[false],1
53,623a9d6839df450001204df4,浪漫的梦想无需昭告天下。,[false],58.0,128910.0,229795.0,116684.0,131380.0,56.0,118822.0,195981.0,110510.0,120988.0,16046.0,7623.0,259846.0,543320.0,19378.0,82483.0,0.06,0.92,0.16,0.69,浪漫的梦想无需昭告天下。,[false],2
54,54bf30dd9eb5cd2c4c90be46,Keep,"[false,true]",163.0,128507.0,463914.0,80487.0,139456.0,163.0,162284.0,574887.0,18287.0,29026.0,6893.0,50208.0,164822.0,618511.0,82257.0,129062.0,0.31,1.26,0.51,0.8,Keep,"[false,true]",1
55,5e74946f6fbc56402e7af737,ZumbaxKeep_官方合作,"[true,false]",19.0,122577.0,371841.0,79969.0,117945.0,19.0,71887.0,244033.0,34446.0,41560.0,12537.0,22486.0,214692.0,1025255.0,33180.0,62405.0,0.31,0.59,0.46,0.87,ZumbaxKeep_官方合作,"[true,false]",1
56,61c18d1fa7f80e0001766dc4,美丽芭蕾 X Keep 官方合作,[false],31.0,121117.0,419072.0,84620.0,106772.0,31.0,83761.0,328337.0,50587.0,54347.0,22587.0,22080.0,223376.0,1011162.0,44557.0,73940.0,0.26,0.69,0.53,0.88,美丽芭蕾 X Keep 官方合作,[false],1
57,621c475b39b2dd0001a10e47,空城仅有旧梦在,[false],50.0,120001.0,309134.0,107732.0,126019.0,50.0,76945.0,225459.0,67898.0,70607.0,20509.0,11804.0,272402.0,808000.0,25798.0,59886.0,0.15,0.64,0.34,0.78,空城仅有旧梦在,[false],2
58,5bf2cf41fe6e4348fb5265b3,黑妞福大玥,[false],25.0,118830.0,313567.0,95984.0,150774.0,25.0,57733.0,170200.0,39421.0,53634.0,13429.0,9948.0,218638.0,947067.0,19482.0,46506.0,0.17,0.49,0.34,0.81,黑妞福大玥,[false],1
59,5dc28fc2b52fab4eb10764bf,瘦身女王郑多燕,[false],17.0,118057.0,396627.0,86010.0,119709.0,15.0,77338.0,273637.0,49453.0,53714.0,22536.0,20901.0,209562.0,999998.0,39945.0,66827.0,0.27,0.66,0.52,0.86,瘦身女王郑多燕,[false],1
60,5d6e7ee5b52fab2e94a80304,Koach-Vivi,"[false,true]",717.0,115727.0,324355.0,89603.0,125532.0,86.0,77081.0,216963.0,60884.0,79811.0,18211.0,19678.0,285584.0,1093269.0,25079.0,64625.0,0.26,0.67,0.33,0.84,Koach-Vivi,"[false,true]",1
61,58f8a37f8c26a3632ac9ce78,王小宅Joye,[false],3.0,110669.0,271849.0,64916.0,74892.0,3.0,76228.0,208363.0,39499.0,39848.0,11845.0,13376.0,248151.0,800321.0,30659.0,62308.0,0.18,0.69,0.4,0.82,王小宅Joye,[false],1
62,56e8b33ee10e55ed62b7ef69,大越越moon,[false],46.0,107950.0,290675.0,79532.0,87190.0,45.0,85499.0,246525.0,59122.0,60286.0,18932.0,13657.0,225325.0,631009.0,34748.0,73393.0,0.16,0.79,0.41,0.86,大越越moon,[false],1
63,626667fe2fce7700013bb273,励娜Lina,[false],8.0,107322.0,193622.0,106784.0,137731.0,8.0,54571.0,102947.0,54392.0,59779.0,16656.0,5224.0,271869.0,765991.0,15979.0,47384.0,0.1,0.51,0.29,0.87,励娜Lina,[false],2
64,587bcc6c31f1160acb2feada,Holisticfit_Cece,[false],56.0,104720.0,376438.0,64975.0,77624.0,56.0,83313.0,319496.0,45488.0,49219.0,14926.0,21375.0,230309.0,939553.0,38560.0,72295.0,0.26,0.8,0.46,0.87,Holisticfit_Cece,[false],1
65,56e6617ec262fdf346ffd9d3,罗洪Ric,[false],73.0,101169.0,324440.0,66184.0,88814.0,73.0,78509.0,264565.0,45737.0,54443.0,17381.0,27042.0,197886.0,1246274.0,36804.0,69480.0,0.34,0.78,0.47,0.88,罗洪Ric,[false],1
66,623a9d9539df4500012050ba,敏捷的女人╮活得坚强些,[false],67.0,101074.0,150787.0,95804.0,103232.0,67.0,92140.0,128224.0,88985.0,92187.0,11373.0,4080.0,265899.0,493613.0,12491.0,64546.0,0.04,0.91,0.14,0.7,敏捷的女人╮活得坚强些,[false],2
67,57ec80e331f1160ba7e19da8,Koach-Fiona,[false],261.0,98010.0,224921.0,85100.0,113219.0,2.0,42263.0,94028.0,39446.0,39474.0,12677.0,4131.0,277782.0,811815.0,14386.0,32317.0,0.1,0.43,0.34,0.76,Koach-Fiona,[false],2
68,59e88b827511ce4e24ee6d6f,Mr彦Alex,[false],313.0,97014.0,253777.0,85450.0,140120.0,313.0,55825.0,164920.0,45408.0,70653.0,12351.0,8722.0,222769.0,843565.0,14355.0,43479.0,0.16,0.58,0.26,0.78,Mr彦Alex,[false],2
69,55edf12db744bee9c6245488,佳宝_JIABAO,[false],41.0,96364.0,267117.0,82042.0,105151.0,40.0,74213.0,219532.0,61017.0,72783.0,19837.0,14274.0,228978.0,825623.0,25661.0,63108.0,0.19,0.77,0.35,0.85,佳宝_JIABAO,[false],1
70,565328ae46be44e04bd0845f,Leon家庭健身,[false],16.0,95012.0,260004.0,62978.0,74647.0,16.0,69669.0,203527.0,41311.0,42873.0,13091.0,19194.0,213434.0,808217.0,29695.0,60452.0,0.28,0.73,0.43,0.87,Leon家庭健身,[false],1
71,55bce79ce188b7ebac88506b,奥博朗AllblancTV,[false],147.0,93215.0,252415.0,72736.0,92329.0,147.0,64215.0,189086.0,45632.0,51562.0,14020.0,15149.0,226068.0,769657.0,24699.0,53406.0,0.24,0.69,0.38,0.83,奥博朗AllblancTV,[false],1
72,5752daf68f3e26c41e987b8a,晓勒小乐笑了xjbl,[false],8.0,93020.0,294322.0,58404.0,66431.0,8.0,76656.0,255317.0,43810.0,43888.0,16650.0,26220.0,143259.0,531945.0,38550.0,65412.0,0.34,0.82,0.5,0.85,晓勒小乐笑了xjbl,[false],1
73,56d068cf7efda849070dcf52,猫有力39,[false],46.0,87589.0,172927.0,80448.0,88315.0,46.0,58840.0,122435.0,53620.0,54736.0,12557.0,7030.0,225051.0,561054.0,15382.0,39479.0,0.12,0.67,0.26,0.67,猫有力39,[false],2
74,6258e298fe9ada0001aaee80,growwithjo,[false],82.0,87284.0,270516.0,86033.0,175968.0,82.0,55337.0,188651.0,54427.0,110277.0,28333.0,18746.0,265467.0,1440597.0,20640.0,49316.0,0.34,0.63,0.37,0.89,growwithjo,[false],1
75,5b685c967511ce3080e7e2f8,K-小咪,[false],60.0,84392.0,212026.0,59626.0,65893.0,60.0,59687.0,159397.0,40044.0,40903.0,10489.0,10263.0,206040.0,548973.0,21554.0,49345.0,0.17,0.71,0.36,0.83,K-小咪,[false],1
76,623a9d3c57a9d60001df267d,简单的时光不染回忆不淡,[false],55.0,84017.0,181880.0,74464.0,93588.0,52.0,61731.0,116991.0,55962.0,64392.0,10807.0,3566.0,197175.0,506525.0,12856.0,50307.0,0.06,0.73,0.21,0.81,简单的时光不染回忆不淡,[false],2
77,5d9deb1fa2d5fc1909a4de8c,我是上雅,[false],8.0,80394.0,246143.0,53512.0,65624.0,8.0,56291.0,191892.0,34317.0,37763.0,12977.0,11795.0,174092.0,635528.0,24991.0,47508.0,0.21,0.7,0.44,0.84,我是上雅,[false],1
78,54fe6e5c944fd9ce2dafc97a,__Erik,[false],41.0,80316.0,212256.0,59752.0,70245.0,41.0,57258.0,164893.0,38302.0,39290.0,13216.0,13958.0,204971.0,677290.0,24237.0,46206.0,0.24,0.71,0.42,0.81,__Erik,[false],1
79,60a71da3ad076b6a2e2212ce,又见一莲幽梦,[false],31.0,80186.0,356540.0,59317.0,98487.0,30.0,60939.0,262167.0,41152.0,56342.0,18104.0,14549.0,119632.0,684576.0,27007.0,47391.0,0.24,0.76,0.44,0.78,又见一莲幽梦,[false],1
80,5e900fa6d20f9c0d2abdbcec,Keep_气质芭蕾,[true],100.0,77299.0,373759.0,41002.0,63089.0,99.0,64294.0,326954.0,29190.0,41580.0,11593.0,22822.0,275023.0,1106553.0,30968.0,55451.0,0.35,0.83,0.48,0.86,Keep_气质芭蕾,[true],1
81,623a973b7f387400018255da,Keep_燃脂派对,[true],17.0,75148.0,232922.0,66570.0,106319.0,17.0,50450.0,176064.0,43276.0,66667.0,17692.0,12157.0,322747.0,1142574.0,17635.0,45817.0,0.24,0.67,0.35,0.91,Keep_燃脂派对,[true],1
82,5821ab7a31f1164ac4d0e009,Koach潇潇,[false],371.0,69307.0,142501.0,9927.0,11893.0,62.0,7967.0,17079.0,6414.0,6852.0,1597.0,1404.0,139499.0,454850.0,2369.0,6808.0,0.18,0.11,0.3,0.85,Koach潇潇,[false],1
83,5d8c43e8a2d5fc55edcae9a1,荔枝_LizZ,[false],43.0,66392.0,133029.0,56176.0,64280.0,43.0,42407.0,92942.0,34100.0,35258.0,9043.0,3984.0,181809.0,449273.0,13086.0,35974.0,0.09,0.64,0.31,0.85,荔枝_LizZ,[false],2
84,5fdac82fd523e9130551dfbc,跟鹅练瑜伽,[false],32.0,65435.0,186030.0,46427.0,64390.0,32.0,47345.0,140979.0,29860.0,38020.0,8446.0,16228.0,127516.0,535423.0,17490.0,40721.0,0.34,0.72,0.37,0.86,跟鹅练瑜伽,[false],1
85,5689b5f4b4f5dbfc6786b788,凯琳KatherineW,[false],34.0,63795.0,140163.0,52059.0,58198.0,34.0,48151.0,110380.0,38092.0,39311.0,9698.0,6834.0,179921.0,470723.0,15196.0,39803.0,0.14,0.75,0.32,0.83,凯琳KatherineW,[false],2
86,621c475c4ab54e0001082620,只为守护你ペ,[false],20.0,63283.0,119213.0,57881.0,66212.0,20.0,36302.0,74868.0,32948.0,34560.0,8140.0,4848.0,121017.0,298618.0,9808.0,26488.0,0.13,0.57,0.27,0.73,只为守护你ペ,[false],2
87,586c427d4933033638dd0f87,SarahTan谭,[false],96.0,62734.0,146014.0,49395.0,60655.0,96.0,48820.0,118543.0,36652.0,42101.0,9347.0,10326.0,152613.0,465851.0,15378.0,42013.0,0.21,0.78,0.31,0.86,SarahTan谭,[false],1
88,55c81fb4e75f32c6fe8e4848,Daner-雨佳,[false],36.0,60599.0,137151.0,48447.0,55092.0,36.0,45064.0,104631.0,35551.0,37356.0,9497.0,5961.0,150490.0,390611.0,14556.0,36150.0,0.13,0.74,0.32,0.8,Daner-雨佳,[false],2
89,5e90034d790b93014b20a31e,跑步机上的Keep君,"[false,true]",44.0,60263.0,265590.0,43167.0,100974.0,44.0,27619.0,133846.0,3136.0,3263.0,1066.0,12146.0,128860.0,713789.0,16081.0,23157.0,0.44,0.46,0.58,0.84,跑步机上的Keep君,"[false,true]",1
90,5c6212008c79421ca62c0f70,金达达要逆袭,[false],22.0,58393.0,101102.0,55411.0,69860.0,22.0,39458.0,65957.0,38071.0,44956.0,7781.0,382.0,127474.0,275298.0,7719.0,33305.0,0.01,0.68,0.2,0.84,金达达要逆袭,[false],2
91,5b7b7e7888bfd2edf8110a23,Keep_会员,"[true,false]",659.0,55521.0,195994.0,6195.0,9331.0,648.0,45826.0,165441.0,2689.0,3667.0,839.0,10899.0,173733.0,841207.0,19178.0,40471.0,0.24,0.83,0.42,0.88,Keep_会员,"[true,false]",1
92,5867b8de4933032f5ea637a2,小甜筒妈妈,[false],13.0,54524.0,111527.0,38691.0,42880.0,13.0,37594.0,78621.0,25212.0,25542.0,5766.0,3186.0,102745.0,252182.0,11174.0,29193.0,0.08,0.69,0.3,0.78,小甜筒妈妈,[false],2
93,578903b0ba248528054cf588,扶我起来我还能跳呀,[false],8.0,54427.0,168734.0,26901.0,34418.0,9.0,37998.0,124980.0,14658.0,16115.0,4774.0,11716.0,92691.0,385309.0,18031.0,33455.0,0.31,0.7,0.47,0.88,扶我起来我还能跳呀,[false],1
94,56a7724f6025f2d8474656d7,Koach新宇,"[false,true]",461.0,53518.0,151558.0,39535.0,46538.0,16.0,28167.0,87701.0,25567.0,26609.0,9839.0,6774.0,157328.0,514497.0,11377.0,23733.0,0.24,0.53,0.4,0.84,Koach新宇,"[false,true]",1
95,603c9871f16ec76047648068,小马哥Marshall,[false],185.0,52712.0,210032.0,41398.0,79936.0,185.0,34336.0,161171.0,23625.0,45397.0,10241.0,9702.0,114637.0,569866.0,12496.0,29110.0,0.28,0.65,0.36,0.85,小马哥Marshall,[false],1
96,623a9d698b9958000140567a,内向的只是、追念,[false],34.0,52438.0,96739.0,48527.0,53565.0,34.0,41877.0,70247.0,39559.0,40801.0,7995.0,1779.0,122180.0,257427.0,9165.0,33201.0,0.04,0.8,0.22,0.79,内向的只是、追念,[false],2
97,5944f72215e66e0cbfb1fedf,哩哩Lilyy,[false],6.0,50989.0,126284.0,32444.0,35967.0,6.0,40444.0,100038.0,25040.0,25531.0,6520.0,9977.0,90095.0,255164.0,14970.0,33881.0,0.25,0.79,0.37,0.84,哩哩Lilyy,[false],1
98,623a9d71d611d60001c0ebe7,开朗的心若向阳，无畏悲伤,[false],48.0,49696.0,96609.0,46291.0,53709.0,48.0,39352.0,75293.0,36409.0,38518.0,9383.0,5112.0,126776.0,322869.0,10906.0,31772.0,0.13,0.79,0.28,0.81,开朗的心若向阳，无畏悲伤,[false],2
99,623a9dcc84307c0001bf26c5,温柔的东北女汉子,[false],38.0,48828.0,104209.0,47876.0,52878.0,38.0,41736.0,84233.0,41339.0,43521.0,10870.0,2723.0,145017.0,312163.0,10851.0,34209.0,0.07,0.85,0.26,0.82,温柔的东北女汉子,[false],2
100,58312b3c493303326fa7577e,唐晓文Remeidios,[false],37.0,47732.0,122656.0,40267.0,50035.0,37.0,27936.0,85225.0,21626.0,23418.0,8050.0,7773.0,156452.0,514609.0,11583.0,25278.0,0.28,0.59,0.41,0.9,唐晓文Remeidios,[false],1
101,623a9d9657a9d60001df2b52,活泼的追着太阳跑…¤,[false],30.0,47091.0,74707.0,43558.0,46552.0,30.0,43616.0,60253.0,42560.0,44231.0,5567.0,1826.0,110514.0,202645.0,5906.0,31227.0,0.04,0.93,0.14,0.72,活泼的追着太阳跑…¤,[false],2
102,57825913fb56673c05f236a0,Rain小尼,[false],14.0,47085.0,126019.0,29422.0,35949.0,14.0,35892.0,99296.0,19699.0,20432.0,5877.0,11122.0,125829.0,485490.0,15075.0,31877.0,0.31,0.76,0.42,0.89,Rain小尼,[false],1
103,623a9d967f3874000182a1bf,慷慨的风雨兼程,[false],31.0,46789.0,70867.0,44364.0,46412.0,30.0,42691.0,57026.0,42510.0,43196.0,7616.0,11934.0,97629.0,202981.0,7696.0,22336.0,0.28,0.91,0.18,0.52,慷慨的风雨兼程,[false],1
104,60ae04ddd9e7c43cc7f6f033,Keep 冠军教练,[true],14.0,46577.0,120204.0,35315.0,45519.0,14.0,28127.0,85497.0,16331.0,18129.0,5548.0,7395.0,106351.0,396787.0,11657.0,24073.0,0.26,0.6,0.41,0.86,Keep 冠军教练,[true],1
105,5691c5566df4dce91da8caad,曼巴yelomamba,[false],6.0,45578.0,115036.0,40851.0,50974.0,6.0,25392.0,70546.0,21525.0,22627.0,7758.0,4398.0,94944.0,337030.0,10048.0,19598.0,0.17,0.56,0.4,0.77,曼巴yelomamba,[false],1
106,5eec3b96b52fab500a26321c,Koach-Bingo,[false],126.0,44773.0,101196.0,986.0,1156.0,27.0,805.0,1545.0,758.0,779.0,148.0,79.0,78368.0,285265.0,171.0,669.0,0.1,0.02,0.21,0.83,Koach-Bingo,[false],2
107,56bebb8d3eeab6973dbc0645,小贱水,[false],54.0,44483.0,122753.0,28155.0,35057.0,54.0,31540.0,95814.0,16625.0,18706.0,4785.0,9284.0,122519.0,430639.0,13157.0,27263.0,0.29,0.71,0.42,0.86,小贱水,[false],1
108,5663edb59b4a177e576e6dad,Koach亚如,[false],87.0,43711.0,93853.0,1.0,1.0,20.0,101.0,145.0,98.0,104.0,23.0,4.0,78141.0,272117.0,25.0,86.0,0.04,0.0,0.25,0.85,Koach亚如,[false],2
109,610d11e72bc2362c15004220,Golfy_Dancefitness,[false],396.0,43664.0,116852.0,39596.0,58009.0,394.0,23085.0,78942.0,20023.0,30991.0,6735.0,3434.0,121099.0,370817.0,6159.0,18145.0,0.15,0.53,0.27,0.79,Golfy_Dancefitness,[false],2
110,562a5832d2a07e2dbf8e4aaf,Koach王鹏,[false],211.0,42922.0,116195.0,31677.0,41651.0,82.0,29631.0,86819.0,19898.0,23738.0,6386.0,6440.0,128253.0,417112.0,11595.0,25723.0,0.22,0.69,0.39,0.87,Koach王鹏,[false],1
111,583444cd31f1162c3dbeb957,爱瑜伽的HR,[false],48.0,41019.0,90381.0,29091.0,32430.0,49.0,28875.0,70582.0,18265.0,18596.0,4452.0,5163.0,98151.0,272965.0,9749.0,23402.0,0.18,0.7,0.34,0.81,爱瑜伽的HR,[false],1
112,61190902a78eee3c6b564967,龙王77,[false],12.0,40476.0,63073.0,40155.0,42065.0,12.0,38334.0,58165.0,38315.0,38989.0,7530.0,5169.0,92061.0,165778.0,7717.0,24960.0,0.13,0.95,0.2,0.65,龙王77,[false],2
113,559a51f46ca1b84f94c7f812,老韩霸气,[false],3.0,38936.0,132368.0,20885.0,25226.0,3.0,33259.0,114398.0,16285.0,16714.0,6072.0,11081.0,82714.0,356932.0,16631.0,28796.0,0.33,0.85,0.5,0.87,老韩霸气,[false],1
114,577ed4a27cb5802844e5688e,哈啤酒吃蛤蜊,[false],14.0,38911.0,91633.0,30982.0,38341.0,14.0,26860.0,66903.0,19530.0,20195.0,6250.0,7280.0,117116.0,431654.0,10682.0,23926.0,0.27,0.69,0.4,0.89,哈啤酒吃蛤蜊,[false],1
115,5eda0862b52fab3e4d25ba42,莱美LesMills,[false],12.0,38831.0,125707.0,28380.0,47221.0,12.0,24000.0,82507.0,14315.0,19778.0,6276.0,8480.0,76434.0,432259.0,10728.0,21650.0,0.35,0.62,0.45,0.9,莱美LesMills,[false],1
116,5baa1c5f7511ce7169c6528b,Ghoshi巩浩,[false],55.0,38419.0,95516.0,26068.0,31101.0,55.0,24559.0,69453.0,13955.0,14728.0,3927.0,5897.0,110902.0,333675.0,9678.0,20193.0,0.24,0.64,0.39,0.82,Ghoshi巩浩,[false],1
117,623a9db4eb4bb10001af5c2e,侠义的沉世,[false],20.0,38120.0,108970.0,36726.0,66788.0,20.0,33086.0,90734.0,31735.0,52993.0,9629.0,4878.0,63570.0,216341.0,7653.0,23824.0,0.15,0.87,0.23,0.72,侠义的沉世,[false],2
119,6232d1f5bacb640001394d0b,A-SOUL_Official,[true],6.0,37375.0,115048.0,30220.0,48622.0,6.0,21251.0,73207.0,9965.0,11312.0,3956.0,4079.0,186636.0,690959.0,10834.0,18921.0,0.19,0.57,0.51,0.89,A-SOUL_Official,[true],1
120,5e90029bb52fab25b71c434f,踩单车的Keep君,[true],4.0,36448.0,121702.0,23921.0,33052.0,4.0,21999.0,89012.0,10846.0,11871.0,3850.0,7650.0,57679.0,270302.0,11032.0,18413.0,0.35,0.6,0.5,0.84,踩单车的Keep君,[true],1
121,58e7e0c331f116051a4d651e,江小南ofelia,[false],40.0,35529.0,91024.0,23487.0,25726.0,40.0,27374.0,74327.0,16670.0,16932.0,4767.0,4219.0,66829.0,220866.0,10350.0,22431.0,0.15,0.77,0.38,0.82,江小南ofelia,[false],1
122,623a9db4ca0ace00010fed06,深情的睿智的溺爱,[false],20.0,35384.0,90336.0,33903.0,54649.0,20.0,31461.0,78067.0,30085.0,46044.0,8095.0,4543.0,61843.0,175925.0,7266.0,21787.0,0.14,0.89,0.23,0.69,深情的睿智的溺爱,[false],2
123,5586a4093568e007bf0e9b46,就叫我小A,[false],69.0,35303.0,91784.0,23490.0,28870.0,68.0,23640.0,71163.0,13088.0,14609.0,3070.0,5356.0,115822.0,356425.0,8604.0,19840.0,0.23,0.67,0.36,0.84,就叫我小A,[false],1
124,623a9d687f38740001829f2e,侠义的不再犯错,[false],59.0,34899.0,67748.0,31235.0,41022.0,59.0,20624.0,37498.0,18154.0,20146.0,3702.0,1461.0,112020.0,327295.0,4611.0,17844.0,0.07,0.59,0.22,0.87,侠义的不再犯错,[false],2
125,5c7e6e677511ce27d58b6049,koach蓝乔,[false],373.0,34215.0,71997.0,17252.0,20007.0,48.0,9871.0,21224.0,8913.0,9467.0,2102.0,1055.0,198917.0,426966.0,2579.0,8492.0,0.11,0.29,0.26,0.86,koach蓝乔,[false],2
126,57495414a4070fc62671ffff,海洋饼干Sophie,[false],93.0,34003.0,98432.0,25089.0,31277.0,93.0,24353.0,78622.0,16182.0,18204.0,6015.0,5986.0,98161.0,369320.0,10866.0,21700.0,0.25,0.72,0.45,0.89,海洋饼干Sophie,[false],1
127,606c16652bc2366bfd1172e5,Sanne_Vloet,[false],50.0,33134.0,80048.0,27749.0,40472.0,50.0,22444.0,57876.0,17456.0,23278.0,4910.0,5941.0,104356.0,422927.0,7120.0,20081.0,0.26,0.68,0.32,0.89,Sanne_Vloet,[false],1
128,623a9db4258c930001e96588,才华横溢的学渣总比人渣好,[false],41.0,32575.0,112193.0,30312.0,44421.0,41.0,23291.0,83349.0,21614.0,28859.0,9057.0,4292.0,80594.0,278951.0,8530.0,18925.0,0.18,0.71,0.37,0.81,才华横溢的学渣总比人渣好,[false],1
129,623a9db51e3e850001b3788d,风趣幽默的趁早,[false],32.0,32525.0,80053.0,31446.0,43066.0,32.0,27077.0,62213.0,26798.0,35029.0,8453.0,4635.0,78630.0,200412.0,6858.0,20545.0,0.17,0.83,0.25,0.76,风趣幽默的趁早,[false],2
130,578e091f14a5c1d00689ccb3,健身教练小金刚,[false],114.0,31601.0,58852.0,26988.0,30599.0,113.0,17022.0,37977.0,13026.0,13498.0,2800.0,2394.0,112964.0,263085.0,4906.0,13816.0,0.14,0.54,0.29,0.81,健身教练小金刚,[false],2
131,5d665462b52fab2e94a3855d,Max跳绳健身,[false],6.0,31251.0,66114.0,29133.0,36831.0,6.0,14350.0,35994.0,12442.0,13017.0,4174.0,2808.0,117979.0,317224.0,5350.0,12454.0,0.2,0.46,0.37,0.87,Max跳绳健身,[false],1
132,563260aa64cec9b966a16ba5,Koach卢磊,"[false,true]",474.0,30169.0,75189.0,11984.0,14009.0,20.0,10703.0,23895.0,7376.0,7571.0,1876.0,2402.0,136696.0,375488.0,3691.0,9220.0,0.22,0.35,0.34,0.86,Koach卢磊,"[false,true]",1
133,623a9dcbeb4bb10001af5d72,倔强的落梅香带雪,[false],39.0,30120.0,55561.0,28674.0,33700.0,39.0,21095.0,35930.0,20874.0,22804.0,4452.0,1736.0,84457.0,196852.0,4435.0,17935.0,0.08,0.7,0.21,0.85,倔强的落梅香带雪,[false],2
134,5c0750c27511ce4e03680c4f,Koach阿泽,[false],417.0,29900.0,97930.0,9397.0,10937.0,24.0,15957.0,57157.0,7401.0,7725.0,2870.0,5751.0,110132.0,324369.0,8526.0,13945.0,0.36,0.53,0.53,0.87,Koach阿泽,[false],1
135,58fdfe1c387e281bd15fc40a,昕叫瘦,[false],48.0,29545.0,68501.0,19961.0,23251.0,47.0,21579.0,52056.0,13791.0,14318.0,3652.0,4250.0,84069.0,250104.0,7619.0,18530.0,0.2,0.73,0.35,0.86,昕叫瘦,[false],1
136,5f3ca08d650b9c01c77ea216,成33Jane,[false],53.0,29083.0,74615.0,21288.0,24348.0,53.0,19330.0,56195.0,12408.0,12755.0,3648.0,4433.0,80094.0,215601.0,7984.0,16336.0,0.23,0.66,0.41,0.85,成33Jane,[false],1
137,57974dbdd7f73e3c0599a276,自由之凨,[false],11.0,28217.0,70338.0,21453.0,25573.0,11.0,20748.0,53097.0,14688.0,15000.0,5116.0,5300.0,72333.0,288933.0,8777.0,17853.0,0.26,0.74,0.42,0.86,自由之凨,[false],1
138,5828a919493303326f58671c,朱晓梦Meng,[false],19.0,27358.0,63607.0,20168.0,22838.0,19.0,17986.0,48384.0,11602.0,12080.0,3089.0,4035.0,67573.0,183430.0,6742.0,15620.0,0.22,0.66,0.37,0.87,朱晓梦Meng,[false],1
139,56c3cfba3650096574ea13c7,Clown洛先生,[false],7.0,26591.0,56643.0,18158.0,20398.0,10.0,18097.0,40524.0,11647.0,11759.0,2985.0,4459.0,69094.0,175951.0,6194.0,16182.0,0.25,0.68,0.34,0.89,Clown洛先生,[false],1
140,55f031c9119a30efbc49cb4a,BeckG,[false],8.0,26278.0,47391.0,25121.0,28484.0,8.0,18377.0,33410.0,17775.0,18386.0,4789.0,414.0,64487.0,139461.0,4979.0,15767.0,0.02,0.7,0.27,0.86,BeckG,[false],2
141,5592ae4d159f9646a66f7fd7,樂樂_LaUReN,[false],74.0,25010.0,80119.0,15340.0,22577.0,74.0,20648.0,68501.0,11368.0,15306.0,3897.0,6960.0,78892.0,460729.0,8624.0,18522.0,0.34,0.83,0.42,0.9,樂樂_LaUReN,[false],1
142,623a9da2ca0ace00010febf6,百折不挠的碎梦3,[false],13.0,24885.0,35326.0,24193.0,25260.0,13.0,23396.0,31628.0,22953.0,23421.0,2543.0,682.0,60205.0,94217.0,2759.0,17748.0,0.03,0.94,0.12,0.76,百折不挠的碎梦3,[false],2
143,5752fbcd6077642105d47b52,sniper派先生,[false],7.0,24253.0,75244.0,13250.0,14778.0,7.0,20272.0,66502.0,9636.0,9826.0,2488.0,6816.0,47128.0,156121.0,9167.0,17490.0,0.34,0.84,0.45,0.86,sniper派先生,[false],1
144,623a9da284307c0001bf242d,睿智的青春逃不过一场爱情,[false],36.0,24076.0,44088.0,23237.0,30814.0,36.0,16005.0,28624.0,15290.0,17728.0,3239.0,1079.0,60178.0,150971.0,3438.0,11562.0,0.07,0.66,0.21,0.72,睿智的青春逃不过一场爱情,[false],2
145,623a9d3bd611d60001c0e85b,简单的真心换来无情゛,[false],42.0,23891.0,35584.0,23041.0,25152.0,35.0,21752.0,29801.0,21447.0,22473.0,2764.0,1000.0,66342.0,107919.0,2803.0,15723.0,0.05,0.91,0.13,0.72,简单的真心换来无情゛,[false],2
146,623a9da17a2da10001b464a4,倔强的奇葩苑里的一枝花！,[false],23.0,23531.0,39296.0,23145.0,25472.0,23.0,18029.0,29448.0,17812.0,18055.0,4220.0,1556.0,94339.0,181109.0,4327.0,14198.0,0.09,0.77,0.24,0.79,倔强的奇葩苑里的一枝花！,[false],2
147,574afe665a0d972805a28bdf,Chili徐辣儿,[false],9.0,23517.0,75472.0,16003.0,18137.0,9.0,15299.0,58947.0,8592.0,8656.0,2485.0,3595.0,56756.0,203492.0,6702.0,13156.0,0.23,0.65,0.44,0.86,Chili徐辣儿,[false],1
148,56ac40f873c3121234a9b810,只有86斤的孙静,[false],37.0,23107.0,52459.0,19556.0,26849.0,37.0,14496.0,32408.0,11837.0,15323.0,2375.0,1410.0,56765.0,171492.0,3102.0,11273.0,0.1,0.63,0.21,0.78,只有86斤的孙静,[false],2
149,5fcf4f9bd9e7c429d62d4904,马可Kramer-TML,[false],108.0,22816.0,61409.0,18056.0,27042.0,108.0,13193.0,46080.0,8570.0,12238.0,2634.0,2652.0,60020.0,220506.0,4283.0,10776.0,0.2,0.58,0.32,0.82,马可Kramer-TML,[false],1
150,5daf7fb5790b935c8898c6d8,爱跑步Chris,[false],26.0,22636.0,46902.0,18151.0,21143.0,26.0,10671.0,28545.0,7135.0,7307.0,1923.0,2041.0,75224.0,197584.0,3828.0,8718.0,0.19,0.47,0.36,0.82,爱跑步Chris,[false],1
151,5e3a37dfd20f9c3df2c1f389,全是瑜Allyoga,[false],17.0,22204.0,60459.0,12538.0,15082.0,17.0,16104.0,46948.0,7438.0,8001.0,1911.0,5176.0,46834.0,159343.0,6550.0,13727.0,0.32,0.73,0.41,0.85,全是瑜Allyoga,[false],1
152,592a5e2e8c26a34c253ecd0f,王诗意Fit舞蹈,[false],5.0,21812.0,77570.0,9803.0,10978.0,5.0,17213.0,69247.0,5347.0,5492.0,1361.0,6119.0,39949.0,154783.0,8696.0,14559.0,0.36,0.79,0.51,0.85,王诗意Fit舞蹈,[false],1
153,57bdcfcbabfc017810ece40e,布鲁斯FreeSoul,[false],23.0,20920.0,42797.0,18825.0,22947.0,23.0,11206.0,23204.0,9637.0,10644.0,2254.0,1250.0,58008.0,159051.0,2995.0,8674.0,0.11,0.54,0.27,0.77,布鲁斯FreeSoul,[false],2
154,593651d5493303784ee1b882,YEAH老师,[false],22.0,20003.0,45072.0,14423.0,15752.0,22.0,12694.0,33108.0,8184.0,8251.0,2163.0,1794.0,51214.0,140508.0,4567.0,10351.0,0.14,0.63,0.36,0.82,YEAH老师,[false],2
155,55bcca95aa34ceb6b1ae64d1,bell姐姐今天跳舞了吗,[false],6.0,19997.0,55730.0,13288.0,14365.0,6.0,14116.0,45990.0,7924.0,7937.0,2294.0,3295.0,53792.0,133505.0,6294.0,12305.0,0.23,0.71,0.45,0.87,bell姐姐今天跳舞了吗,[false],1
156,5ceecbc7c73d801d817a1ba8,二宝威廉妈妈,[false],30.0,19926.0,61115.0,12164.0,13939.0,30.0,13427.0,48900.0,6367.0,6548.0,1863.0,4092.0,67204.0,181939.0,6377.0,11098.0,0.3,0.67,0.47,0.83,二宝威廉妈妈,[false],1
157,5805c96f31f116684ff2afe9,颜婕,[false],12.0,19919.0,25117.0,19835.0,21550.0,12.0,7577.0,10856.0,7520.0,7772.0,1224.0,690.0,72816.0,144884.0,1251.0,5384.0,0.09,0.38,0.17,0.71,颜婕,[false],2
158,5548e75378153de9315a95ad,郑凌-Yoga,[false],22.0,19340.0,42646.0,15640.0,18303.0,21.0,12803.0,30610.0,9568.0,10076.0,2402.0,2860.0,36323.0,114371.0,4064.0,10822.0,0.22,0.66,0.32,0.85,郑凌-Yoga,[false],1
159,5d6cba03c73d801f341755c0,Koach-Suki,"[false,true]",93.0,19290.0,48131.0,15050.0,17505.0,18.0,13746.0,37180.0,10341.0,10890.0,3213.0,2952.0,49568.0,144156.0,5155.0,11010.0,0.21,0.71,0.38,0.8,Koach-Suki,"[false,true]",1
160,55dd059817f6f4c914340101,毛远祥,[false],13.0,19023.0,54096.0,12065.0,14398.0,13.0,12760.0,42212.0,6454.0,6895.0,1944.0,3605.0,36070.0,126185.0,5559.0,10960.0,0.28,0.67,0.44,0.86,毛远祥,[false],1
161,623a9d6957a9d60001df28c7,别具慧眼的看清人心,[false],64.0,18995.0,27042.0,17927.0,19769.0,63.0,16099.0,21953.0,15271.0,16339.0,1302.0,571.0,62736.0,116090.0,1456.0,11844.0,0.04,0.85,0.09,0.74,别具慧眼的看清人心,[false],2
162,5e5f6929790b932519d4d56c,JamieSayi,[false],18.0,18478.0,48031.0,11706.0,13597.0,18.0,14125.0,40628.0,7769.0,8162.0,1817.0,3434.0,48205.0,143825.0,5445.0,11447.0,0.24,0.76,0.39,0.81,JamieSayi,[false],1
163,5808a5e931f1162b4cdd6095,泥老师啊,[false],43.0,17829.0,37942.0,14158.0,16258.0,43.0,13044.0,29455.0,9736.0,10296.0,2432.0,2136.0,46316.0,119357.0,4043.0,11000.0,0.16,0.73,0.31,0.84,泥老师啊,[false],2
164,623a9d712bfd5a0001901512,开朗的留胡渣的硬汉,[false],27.0,17777.0,33022.0,16129.0,19075.0,27.0,14184.0,24979.0,12775.0,13741.0,3132.0,1172.0,69656.0,166578.0,3678.0,11953.0,0.08,0.8,0.26,0.84,开朗的留胡渣的硬汉,[false],2
165,5701ec2daae36e4f7105442c,偶不偶买噶,[false],24.0,17567.0,30409.0,15487.0,18436.0,24.0,12388.0,22007.0,10488.0,11339.0,2153.0,1577.0,71130.0,177339.0,2863.0,11150.0,0.13,0.71,0.23,0.9,偶不偶买噶,[false],2
166,61093581d9e7c447ef27d46c,不抽烟喝酒的刘世柏,[false],2.0,17380.0,33769.0,15090.0,16552.0,2.0,13567.0,27772.0,11392.0,11425.0,2464.0,1710.0,29618.0,74709.0,3756.0,11425.0,0.13,0.78,0.28,0.84,不抽烟喝酒的刘世柏,[false],2
167,5bf537af1cf3d11977f75df4,小_幸Yogi,[false],87.0,17292.0,45666.0,12443.0,16684.0,87.0,11670.0,33183.0,7485.0,9335.0,2135.0,3004.0,41763.0,139587.0,3971.0,10087.0,0.26,0.67,0.34,0.86,小_幸Yogi,[false],1
168,61024edd2bc23605c1a8b55c,KellyGale超模健身,[false],43.0,17292.0,58678.0,12682.0,17512.0,43.0,14450.0,50792.0,10162.0,13036.0,4126.0,4424.0,46925.0,193239.0,6329.0,13190.0,0.31,0.84,0.44,0.91,KellyGale超模健身,[false],1
169,5b85e7d0fe6e4329eb4e42a6,雷文文小姐,[false],71.0,16884.0,36652.0,12953.0,14986.0,71.0,11183.0,26281.0,8305.0,9060.0,1799.0,1474.0,55365.0,141297.0,3233.0,9097.0,0.13,0.66,0.29,0.81,雷文文小姐,[false],2
170,5be97e6e7511ce4c89bb3cad,MidoriLau,[false],29.0,16526.0,41051.0,9986.0,11756.0,29.0,11045.0,31446.0,5553.0,5981.0,1644.0,2335.0,57402.0,164781.0,4400.0,9225.0,0.21,0.67,0.4,0.84,MidoriLau,[false],1
171,623a9d69eaf6fb00010ec8ba,大方的愈合了心情ヽ,[false],38.0,15725.0,22267.0,15105.0,16891.0,36.0,13085.0,17841.0,12537.0,13151.0,1574.0,641.0,42923.0,83753.0,1735.0,9407.0,0.05,0.83,0.13,0.72,大方的愈合了心情ヽ,[false],2
172,623a9d3aeb4bb10001af5599,侠义的删除、过去,[false],47.0,15724.0,25245.0,14407.0,16620.0,44.0,10599.0,17142.0,9477.0,9959.0,1542.0,610.0,48443.0,101752.0,1913.0,7867.0,0.06,0.67,0.18,0.74,侠义的删除、过去,[false],2
173,5708cc1167f548f77999c0be,大萌mon,[false],8.0,15659.0,29432.0,12064.0,13023.0,8.0,12080.0,21985.0,9534.0,9642.0,1761.0,1470.0,32751.0,72869.0,2956.0,10035.0,0.12,0.77,0.24,0.83,大萌mon,[false],2
174,56e7e27db2a18722055aafcb,碧小仙er,[false],19.0,15488.0,46107.0,9060.0,10458.0,19.0,10807.0,37257.0,4801.0,5059.0,1412.0,3342.0,35922.0,114248.0,5057.0,9535.0,0.31,0.7,0.47,0.88,碧小仙er,[false],1
175,584429934933031d9fe7c3ef,Koach楠神,"[false,true]",601.0,15193.0,41698.0,8702.0,9907.0,43.0,8158.0,22469.0,5472.0,5858.0,1381.0,1806.0,44666.0,145630.0,2873.0,7001.0,0.22,0.54,0.35,0.86,Koach楠神,"[false,true]",1
176,59cb95efe666864e3ee286e7,露娜丽塔,[false],13.0,14930.0,33844.0,10504.0,11475.0,13.0,10338.0,25845.0,6549.0,6644.0,1270.0,1775.0,38210.0,93941.0,3218.0,8695.0,0.17,0.69,0.31,0.84,露娜丽塔,[false],2
177,623a9da839df4500012051ef,浪漫的心梗,[false],53.0,14800.0,25426.0,14016.0,15397.0,47.0,10632.0,18168.0,10105.0,10329.0,2105.0,641.0,59158.0,114710.0,2368.0,8707.0,0.06,0.72,0.22,0.82,浪漫的心梗,[false],2
178,59f6dc727511ce076ee16448,Koach罗罗,[false],184.0,14684.0,29661.0,11421.0,13440.0,23.0,9541.0,20709.0,7412.0,8230.0,1606.0,1365.0,49409.0,115381.0,2582.0,7814.0,0.14,0.65,0.27,0.82,Koach罗罗,[false],2
179,5b39e56a1cf3d10cd2f51010,Elaine丰儿,[false],26.0,14365.0,25327.0,11916.0,15530.0,26.0,4187.0,9355.0,2758.0,3057.0,679.0,509.0,35716.0,112843.0,1178.0,3274.0,0.12,0.29,0.28,0.78,Elaine丰儿,[false],2
180,5b03ae30fe6e4319cd39c841,诗小凡呢,[false],22.0,14319.0,21669.0,13444.0,14977.0,22.0,7210.0,12108.0,6580.0,6836.0,1127.0,590.0,39158.0,83132.0,1402.0,5930.0,0.08,0.5,0.19,0.82,诗小凡呢,[false],2
181,62540217cbdc47000109c161,Koach_Leo,[true],1.0,14210.0,24148.0,14157.0,18035.0,1.0,5516.0,9712.0,5513.0,5518.0,1666.0,794.0,41276.0,112392.0,1673.0,3885.0,0.14,0.39,0.3,0.7,Koach_Leo,[true],2
182,5be55a11fe6e4374d3165863,Koach-RacheL,[false],135.0,14107.0,32149.0,1203.0,1411.0,10.0,1127.0,2167.0,743.0,751.0,128.0,144.0,37179.0,119148.0,287.0,1014.0,0.13,0.08,0.25,0.9,Koach-RacheL,[false],2
183,623a9dcd1e3e850001b37a00,专注的烟徒,[false],31.0,13683.0,25482.0,12151.0,15633.0,31.0,9725.0,17144.0,9330.0,10667.0,1909.0,658.0,28136.0,69564.0,1924.0,7211.0,0.07,0.71,0.2,0.74,专注的烟徒,[false],2
184,551bbd16ed487d8f2b617f3d,Jessie被注册了,[false],11.0,13494.0,30004.0,6205.0,7274.0,10.0,10554.0,23995.0,3905.0,4017.0,803.0,3249.0,45858.0,140901.0,3786.0,9462.0,0.31,0.78,0.36,0.9,Jessie被注册了,[false],1
185,551b5d8eed487d8f2b616e7b,___长腿姑娘,[false],62.0,13484.0,26599.0,10934.0,12785.0,62.0,7856.0,18196.0,5842.0,6471.0,1163.0,1172.0,53283.0,130433.0,2105.0,6251.0,0.15,0.58,0.27,0.8,___长腿姑娘,[false],2
186,596a95b32881d744d4fcc76e,伊忘公里,[false],12.0,13392.0,31263.0,10863.0,12972.0,12.0,8333.0,21800.0,6073.0,6296.0,1726.0,1626.0,33471.0,105979.0,3083.0,6719.0,0.2,0.62,0.37,0.81,伊忘公里,[false],1
187,623a9da68b995800014059e6,睿智的乱弹琵琶,[false],23.0,13374.0,27018.0,12488.0,14774.0,23.0,11198.0,22086.0,10594.0,11992.0,2712.0,1120.0,48978.0,115285.0,2862.0,9364.0,0.1,0.84,0.26,0.84,睿智的乱弹琵琶,[false],2
188,58b1a9c931f11659b69dfc5a,Koach小陈,[false],461.0,12768.0,58111.0,15.0,30.0,6.0,43.0,151.0,11.0,22.0,4.0,13.0,29062.0,152602.0,15.0,39.0,0.3,0.0,0.35,0.91,Koach小陈,[false],1
189,5577fd4384b61bff533c3133,进击的顺利,[false],63.0,12485.0,37174.0,9943.0,16080.0,64.0,8367.0,27360.0,6083.0,9267.0,2026.0,1707.0,70996.0,234349.0,2686.0,7456.0,0.2,0.67,0.32,0.89,进击的顺利,[false],1
190,5f30e6b6d9e7c450644afa6d,Keep直播课,"[true,false]",212.0,12446.0,28733.0,7471.0,10095.0,38.0,5669.0,14369.0,3935.0,4602.0,991.0,1374.0,54026.0,153961.0,1879.0,5062.0,0.24,0.46,0.33,0.89,Keep直播课,"[true,false]",1
191,57678af8b3f5ae312530bd4f,玲玲范儿,[false],51.0,12375.0,33657.0,9744.0,12555.0,51.0,8368.0,24665.0,6189.0,6963.0,2202.0,1513.0,43322.0,141693.0,3267.0,6822.0,0.18,0.68,0.39,0.82,玲玲范儿,[false],1
192,5b346e4b1cf3d10cd2ee631b,Koach龙超,[false],528.0,12252.0,48143.0,7.0,21.0,7.0,8.0,64.0,3.0,8.0,7.0,4.0,31645.0,137430.0,3.0,6.0,0.5,0.0,0.38,0.75,Koach龙超,[false],1
193,623a9d6759b00e00011b11af,勇敢的笑忘,[false],42.0,12009.0,18038.0,11535.0,13339.0,42.0,8639.0,12678.0,8280.0,8944.0,1198.0,516.0,40524.0,81686.0,1319.0,6224.0,0.06,0.72,0.15,0.72,勇敢的笑忘,[false],2
194,623a9dcc258c930001e966f3,仁慈的眼泪笑了,[false],9.0,11993.0,22834.0,11078.0,12411.0,9.0,6169.0,12543.0,5816.0,5886.0,1594.0,669.0,30099.0,68497.0,1809.0,4925.0,0.11,0.51,0.29,0.8,仁慈的眼泪笑了,[false],2
195,5edf35bcb52fab283f1426df,叶的冒险,[false],28.0,11925.0,34578.0,10123.0,14147.0,28.0,6384.0,22797.0,4778.0,5825.0,2144.0,1613.0,38046.0,146892.0,2936.0,5512.0,0.25,0.54,0.46,0.86,叶的冒险,[false],1
196,611cb310a78eee557f64f96a,Yee起Keep,[true],5.0,11916.0,26625.0,9006.0,10349.0,5.0,7306.0,19713.0,4648.0,4713.0,1197.0,1292.0,29604.0,83085.0,2691.0,6111.0,0.18,0.61,0.37,0.84,Yee起Keep,[true],1
197,5bb56a517511ce7169cd1690,阿免就是我-妍瑄,[false],12.0,11745.0,37578.0,4979.0,5826.0,12.0,9945.0,32416.0,3538.0,3646.0,1297.0,4084.0,29202.0,89892.0,5226.0,8910.0,0.41,0.85,0.53,0.9,阿免就是我-妍瑄,[false],1
198,58648c874933032f5e8c43c8,Koach大羽,[false],276.0,11593.0,33309.0,1495.0,1961.0,34.0,1468.0,3583.0,1046.0,1244.0,265.0,349.0,36692.0,129268.0,457.0,1259.0,0.24,0.13,0.31,0.86,Koach大羽,[false],1
199,623a9dcde261b900018e5b5a,简单的小狐狸,[false],20.0,11305.0,20952.0,10862.0,12169.0,20.0,9854.0,17404.0,9573.0,10208.0,2109.0,1252.0,29387.0,66002.0,2199.0,7867.0,0.13,0.87,0.22,0.8,简单的小狐狸,[false],2
200,60bde5eba78eee1e25cdd105,睿心Wiseheart,[false],12.0,11129.0,29251.0,8958.0,12107.0,12.0,6879.0,19302.0,4996.0,5854.0,1364.0,1972.0,17051.0,70139.0,2413.0,6137.0,0.29,0.62,0.35,0.89,睿心Wiseheart,[false],1
201,5bd92292e666860c69515c78,ken徐浩,[false],9.0,10974.0,25108.0,6545.0,7558.0,9.0,9126.0,20639.0,4972.0,5065.0,1482.0,3240.0,31766.0,117451.0,3819.0,8304.0,0.36,0.83,0.42,0.91,ken徐浩,[false],1
202,623a9da77a2da10001b464f8,积极进取的依旧囍欢,[false],22.0,10688.0,17842.0,9833.0,10799.0,22.0,6632.0,11518.0,6022.0,6185.0,1045.0,413.0,32036.0,59611.0,1371.0,5195.0,0.06,0.62,0.21,0.78,积极进取的依旧囍欢,[false],2
203,623a9d9bca0ace00010feb87,直率的心病i,[false],21.0,10559.0,15453.0,9708.0,10129.0,20.0,9518.0,13146.0,8819.0,8877.0,1150.0,405.0,31173.0,50753.0,1414.0,7508.0,0.04,0.9,0.15,0.79,直率的心病i,[false],2
204,623a9da2258c930001e9647b,足智多谋的坚强太久,[false],43.0,10440.0,18521.0,9405.0,11579.0,40.0,8569.0,14105.0,7800.0,9084.0,1204.0,63.0,29891.0,70901.0,1435.0,7025.0,0.01,0.82,0.17,0.82,足智多谋的坚强太久,[false],2
205,5989e4bb094afb09d8c65bf4,丫丫_Lily1,[false],20.0,10313.0,24683.0,7234.0,8857.0,20.0,8019.0,19615.0,5158.0,5549.0,1547.0,2385.0,36150.0,123968.0,3085.0,7256.0,0.3,0.78,0.38,0.9,丫丫_Lily1,[false],1
206,5f278085d523e965da498c5f,Rosie的瑜伽乐园,[false],28.0,10113.0,20572.0,8621.0,10325.0,28.0,6746.0,14659.0,5578.0,6209.0,1359.0,982.0,32444.0,90404.0,1837.0,5862.0,0.15,0.67,0.27,0.87,Rosie的瑜伽乐园,[false],2
207,5c8a7706e6668674992a9a5f,Koach-Nicole,[false],202.0,10092.0,27316.0,189.0,218.0,10.0,262.0,637.0,162.0,174.0,26.0,23.0,43148.0,122234.0,78.0,230.0,0.09,0.03,0.3,0.88,Koach-Nicole,[false],2
208,623a9d68e261b900018e553c,敏捷的那是完全的覺悟丶,[false],28.0,9926.0,13549.0,9583.0,10807.0,26.0,8658.0,11277.0,8394.0,9101.0,802.0,479.0,29090.0,55647.0,859.0,5902.0,0.06,0.87,0.1,0.68,敏捷的那是完全的覺悟丶,[false],2
209,59119d064933037bb19dccbe,Nikki倪,[false],29.0,9751.0,20222.0,6594.0,7699.0,29.0,6176.0,14037.0,3555.0,3780.0,625.0,1459.0,31587.0,82571.0,1796.0,5479.0,0.24,0.63,0.29,0.89,Nikki倪,[false],1
210,56153224838a80b116104368,TyphoonChan,[false],4.0,9707.0,21483.0,7378.0,8360.0,4.0,6234.0,15638.0,4121.0,4127.0,1292.0,1338.0,25145.0,81123.0,2399.0,5104.0,0.21,0.64,0.38,0.82,TyphoonChan,[false],1
211,623a9d7139df450001204e8b,简单的學會、放手,[false],33.0,9669.0,17375.0,9126.0,10087.0,33.0,7572.0,13521.0,7097.0,7293.0,1834.0,687.0,40132.0,81771.0,2076.0,6199.0,0.09,0.78,0.27,0.82,简单的學會、放手,[false],2
212,58fb662d31f1162861e63d9c,源气Yoga,[false],270.0,9667.0,25179.0,5325.0,6241.0,30.0,7440.0,20489.0,3585.0,3904.0,770.0,1969.0,24804.0,75434.0,2656.0,6199.0,0.26,0.77,0.36,0.83,源气Yoga,[false],1
213,55bbc736b641e96a0183327d,V-郭小浪,[false],11.0,9516.0,24884.0,6291.0,7018.0,11.0,6336.0,19269.0,3486.0,3520.0,976.0,1538.0,33140.0,85090.0,2624.0,5309.0,0.24,0.67,0.41,0.84,V-郭小浪,[false],1
214,5ff6b65290e13b48b47bc1c7,ChloeTing_,[false],12.0,9437.0,28922.0,7183.0,9641.0,12.0,7536.0,23894.0,5463.0,6548.0,2353.0,1979.0,25858.0,109147.0,3251.0,6864.0,0.26,0.8,0.43,0.91,ChloeTing_,[false],1
215,623a9d728b99580001405709,勤奋的-醒醒吧别傻了,[false],36.0,9194.0,12699.0,8821.0,9676.0,33.0,6696.0,8842.0,6402.0,6445.0,836.0,252.0,40990.0,73790.0,945.0,4880.0,0.04,0.73,0.14,0.73,勤奋的-醒醒吧别傻了,[false],2
216,5a8c29a27511ce21f8606ac3,暴躁熊教练,[false],5.0,9002.0,18338.0,8639.0,10215.0,5.0,4983.0,11906.0,4650.0,4684.0,1604.0,957.0,25163.0,72535.0,1823.0,4176.0,0.19,0.55,0.37,0.84,暴躁熊教练,[false],1
217,60dbd64cedd76c63f7a91ea6,不正经运动研究所,[true],4.0,8997.0,31064.0,6943.0,10292.0,4.0,6648.0,23153.0,4761.0,6735.0,2252.0,1420.0,20765.0,76301.0,2432.0,5351.0,0.21,0.74,0.37,0.8,不正经运动研究所,[true],1
218,55d00fd69040f8f3d8d14b7a,瘦不了猫,[false],3.0,8810.0,29724.0,6165.0,6942.0,3.0,6263.0,24802.0,3683.0,3693.0,1047.0,1549.0,20390.0,63914.0,2803.0,4915.0,0.25,0.71,0.45,0.78,瘦不了猫,[false],1
219,5fa654719521744ec3af39ce,是胡静没错啊,[false],2.0,8582.0,14016.0,7428.0,8764.0,2.0,4518.0,7819.0,3574.0,3725.0,583.0,552.0,25845.0,64026.0,971.0,3656.0,0.12,0.53,0.21,0.81,是胡静没错啊,[false],2
221,5b6dfa44fe6e4336884085b2,waacker_AC,[false],1.0,8490.0,27972.0,1670.0,1888.0,1.0,7578.0,25784.0,1119.0,1120.0,301.0,2112.0,20978.0,62662.0,3722.0,6242.0,0.28,0.89,0.49,0.82,waacker_AC,[false],1
222,57e01dc631f1162b0265c18e,Nikko大宁,[false],5.0,8442.0,22490.0,3374.0,3955.0,5.0,6477.0,18297.0,1966.0,1983.0,500.0,2095.0,23918.0,75072.0,2751.0,5795.0,0.32,0.77,0.42,0.89,Nikko大宁,[false],1
223,5688666256e471f0678ab5a3,馨怡olivia,[false],4.0,8371.0,15330.0,6618.0,7010.0,4.0,5217.0,9763.0,4093.0,4129.0,650.0,381.0,23335.0,45591.0,1196.0,4217.0,0.07,0.62,0.23,0.81,馨怡olivia,[false],2
224,5d27097d790b93640d645649,Koach-Young,[false],340.0,8321.0,20235.0,47.0,58.0,8.0,50.0,66.0,50.0,50.0,10.0,17.0,45354.0,113420.0,10.0,39.0,0.34,0.01,0.2,0.78,Koach-Young,[false],1
225,623a9d9c59b00e00011b146b,内向的湿润了眼眶,[false],22.0,8149.0,10866.0,7848.0,8966.0,20.0,6821.0,8557.0,6581.0,7053.0,455.0,306.0,18411.0,27554.0,551.0,4356.0,0.04,0.84,0.08,0.64,内向的湿润了眼眶,[false],2
226,623a9d727f38740001829fc8,勇敢的迷途知返ゝ,[false],43.0,8148.0,12345.0,7770.0,8837.0,41.0,5142.0,7806.0,4840.0,5010.0,731.0,193.0,33802.0,63342.0,869.0,4382.0,0.04,0.63,0.17,0.85,勇敢的迷途知返ゝ,[false],2
227,623a9d968b99580001405903,开朗的大胆的往前走,[false],40.0,8123.0,11123.0,7726.0,8168.0,37.0,6796.0,8526.0,6612.0,6671.0,615.0,206.0,33294.0,52117.0,693.0,4959.0,0.03,0.84,0.1,0.73,开朗的大胆的往前走,[false],2
228,557246fbc0eab78198a0f136,马克Mark_workout,[false],13.0,7972.0,13912.0,5916.0,6516.0,13.0,4779.0,9428.0,2936.0,2992.0,506.0,599.0,21634.0,44368.0,1173.0,3978.0,0.13,0.6,0.25,0.83,马克Mark_workout,[false],2
229,623a9db44b919400017071d0,足智多谋的青矜,[false],5.0,7450.0,10583.0,7372.0,8851.0,5.0,6413.0,8763.0,6356.0,7248.0,675.0,704.0,10213.0,16388.0,680.0,3955.0,0.11,0.86,0.11,0.62,足智多谋的青矜,[false],2
230,56d82ead3bbf5fe51b8e5f96,龙爱任,[false],51.0,7443.0,15010.0,5649.0,6543.0,51.0,4668.0,10847.0,3081.0,3362.0,588.0,843.0,21564.0,53159.0,1279.0,3796.0,0.18,0.63,0.27,0.81,龙爱任,[false],2
231,5eb61ae3b02f9a4b3170ab3e,Gummy桃姨,[false],14.0,7365.0,13906.0,5814.0,6467.0,14.0,5086.0,9713.0,3873.0,4041.0,581.0,493.0,19293.0,41261.0,1138.0,3951.0,0.1,0.69,0.22,0.78,Gummy桃姨,[false],2
232,623a9da7eaf6fb00010ecc08,成熟稳重的你还是没感动,[false],29.0,7354.0,11365.0,7063.0,7419.0,27.0,6416.0,9082.0,6358.0,6432.0,1008.0,295.0,20694.0,34476.0,1040.0,5405.0,0.05,0.87,0.16,0.84,成熟稳重的你还是没感动,[false],2
233,623a9d3a1e3e850001b371d7,会功夫的勤奋的沧海桑田,[false],77.0,7264.0,11484.0,6671.0,8095.0,75.0,4544.0,7006.0,4058.0,4374.0,628.0,283.0,36618.0,74840.0,818.0,3679.0,0.06,0.63,0.18,0.81,会功夫的勤奋的沧海桑田,[false],2
234,5aabe77c7511ce56135380ea,音音INNA,[false],16.0,7162.0,10231.0,6563.0,6997.0,16.0,5633.0,8104.0,5091.0,5210.0,614.0,392.0,19589.0,37782.0,829.0,4322.0,0.07,0.79,0.15,0.77,音音INNA,[false],2
235,55f94e62f4421d4a6ea3c3c5,爱健身的帅帅妈,[false],28.0,7096.0,14733.0,6402.0,8243.0,29.0,4578.0,10475.0,3905.0,4533.0,1106.0,1123.0,30194.0,101757.0,1454.0,4038.0,0.25,0.65,0.32,0.88,爱健身的帅帅妈,[false],1
236,57e4b37a31f1162b028b3f6e,饷钱Eva,[false],12.0,7064.0,24474.0,3796.0,4137.0,12.0,5406.0,20907.0,2336.0,2349.0,658.0,1582.0,19420.0,53817.0,2784.0,4778.0,0.29,0.77,0.51,0.88,饷钱Eva,[false],1
237,59ca24eee666863660573953,卢昆Kyle,"[false,true]",27.0,7063.0,19904.0,6668.0,10654.0,27.0,4745.0,16338.0,4416.0,7536.0,2451.0,164.0,16176.0,55564.0,1880.0,4449.0,0.03,0.67,0.4,0.94,卢昆Kyle,"[false,true]",2
238,55b1f138390dc604c8baefaf,浩子不胖,[false],15.0,6954.0,18469.0,4591.0,5441.0,15.0,5535.0,16610.0,3217.0,3296.0,1075.0,1355.0,26026.0,75233.0,2393.0,4549.0,0.24,0.8,0.43,0.82,浩子不胖,[false],1
239,5872628f8c26a37255545e27,一余鱼yoga,[false],25.0,6939.0,12602.0,6429.0,7905.0,25.0,3643.0,7917.0,3241.0,3843.0,828.0,573.0,28092.0,68795.0,930.0,3209.0,0.16,0.53,0.26,0.88,一余鱼yoga,[false],2
240,623a9d70ca0ace00010fe983,才华横溢的笑着放了自己,[false],35.0,6711.0,13600.0,6296.0,8082.0,36.0,4591.0,9389.0,4215.0,4708.0,896.0,602.0,18288.0,48914.0,1058.0,3401.0,0.13,0.68,0.23,0.74,才华横溢的笑着放了自己,[false],2
241,623a9dccca0ace00010fee77,专注的侧耳倾听,[false],8.0,6698.0,12256.0,6321.0,7098.0,8.0,5411.0,8552.0,5330.0,5525.0,1065.0,389.0,19536.0,41646.0,1103.0,4475.0,0.07,0.81,0.2,0.83,专注的侧耳倾听,[false],2
243,623a9da6e261b900018e58c5,仁慈的几度春秋,[false],26.0,6527.0,8352.0,6465.0,7302.0,26.0,5931.0,7301.0,5871.0,6368.0,478.0,157.0,19738.0,37237.0,491.0,4230.0,0.03,0.91,0.08,0.71,仁慈的几度春秋,[false],2
245,621c475ccae44600010bd1ef,斯文的别再吹冷风,[false],35.0,6429.0,16982.0,5471.0,8133.0,35.0,4783.0,12312.0,4137.0,5659.0,1164.0,822.0,18589.0,68644.0,1383.0,4101.0,0.17,0.74,0.29,0.86,斯文的别再吹冷风,[false],2
246,5567d251c336449b10e7063b,范李猿,[false],2.0,6385.0,12138.0,5337.0,6230.0,2.0,3008.0,6973.0,2116.0,2140.0,626.0,562.0,16764.0,47346.0,1126.0,2543.0,0.19,0.47,0.37,0.85,范李猿,[false],1
247,566e9ca94885a51f01b29a7c,FelineWang,[false],18.0,6368.0,15783.0,4628.0,5554.0,17.0,4134.0,11461.0,2530.0,2641.0,604.0,1094.0,17154.0,47502.0,1578.0,3455.0,0.26,0.65,0.38,0.84,FelineWang,[false],1
248,57a464e9e04d473805c1916d,帅soserious,[false],5.0,6246.0,18912.0,4717.0,5967.0,5.0,4020.0,14586.0,2618.0,2918.0,879.0,1194.0,17480.0,62835.0,1714.0,3391.0,0.3,0.64,0.43,0.84,帅soserious,[false],1
249,57220eef10f8732305c7c529,Koach小景,[false],166.0,6224.0,12927.0,1325.0,1611.0,3.0,1312.0,2732.0,1122.0,1285.0,319.0,154.0,20692.0,56807.0,389.0,1068.0,0.12,0.21,0.3,0.81,Koach小景,[false],2
250,6139b836d9e7c460bd1e9ec6,MadFit健身,[false],21.0,6178.0,18573.0,4716.0,7574.0,21.0,4323.0,13881.0,3118.0,4827.0,1124.0,987.0,14729.0,59894.0,1503.0,3900.0,0.23,0.7,0.35,0.9,MadFit健身,[false],1
251,570723b2745f43695229e15d,Moccee,[false],12.0,6122.0,10819.0,5106.0,5596.0,12.0,3471.0,7191.0,2619.0,2684.0,475.0,430.0,30902.0,62759.0,870.0,2784.0,0.12,0.57,0.25,0.8,Moccee,[false],2
252,58041cb04933036dfee2cc5f,飞天阿花花,[false],9.0,5971.0,13032.0,3875.0,4227.0,9.0,4208.0,10432.0,2309.0,2317.0,435.0,874.0,18223.0,42906.0,1436.0,3532.0,0.21,0.7,0.34,0.84,飞天阿花花,[false],1
253,5cb3f24e790b9303aa9bc596,Koach-Rio,[false],308.0,5777.0,14950.0,878.0,1023.0,19.0,654.0,1617.0,559.0,618.0,118.0,71.0,18379.0,59427.0,155.0,554.0,0.11,0.11,0.24,0.85,Koach-Rio,[false],2
254,58e623c6f84e8805b91f6994,茉莉绿茶加寒天,[false],11.0,5683.0,10315.0,5255.0,6039.0,11.0,2582.0,5955.0,2201.0,2278.0,546.0,397.0,16466.0,42551.0,777.0,2051.0,0.15,0.45,0.3,0.79,茉莉绿茶加寒天,[false],2
255,623a9d95d611d60001c0edab,百折不挠的用奋斗去征服,[false],57.0,5670.0,11182.0,4714.0,5564.0,57.0,3317.0,7622.0,2537.0,2777.0,638.0,409.0,23711.0,56067.0,1021.0,2838.0,0.12,0.59,0.31,0.86,百折不挠的用奋斗去征服,[false],2
256,623a9d3a59b00e00011b0f6c,睿智的不甘人后！,[false],54.0,5482.0,10078.0,5179.0,6130.0,50.0,4737.0,8431.0,4507.0,5157.0,810.0,353.0,21236.0,41709.0,813.0,3703.0,0.07,0.86,0.17,0.78,睿智的不甘人后！,[false],2
257,5a4c842f1cf3d118e4268ca5,简单的Ann-Z,[false],5.0,5389.0,9032.0,5121.0,5479.0,5.0,3746.0,6675.0,3522.0,3586.0,734.0,255.0,23362.0,43075.0,840.0,3157.0,0.07,0.7,0.22,0.84,简单的Ann-Z,[false],2
260,623a9d6a4b91940001706d63,风趣幽默的卟可能丶是G◆丶,[false],36.0,5293.0,7917.0,5197.0,6564.0,37.0,4309.0,6417.0,4226.0,5169.0,392.0,282.0,13056.0,25469.0,403.0,2624.0,0.07,0.81,0.09,0.61,风趣幽默的卟可能丶是G◆丶,[false],2
261,56189bd9d813df95c1d8df0d,Cherika鹅,[false],4.0,5269.0,9628.0,3906.0,4270.0,4.0,4019.0,7556.0,2752.0,2775.0,487.0,694.0,14231.0,32934.0,1044.0,3469.0,0.17,0.76,0.26,0.86,Cherika鹅,[false],2
262,5d256a7cd20f9c752ba2e77d,SoniaHoi索妮娅,[false],10.0,5251.0,11672.0,3609.0,4278.0,10.0,3813.0,8850.0,2362.0,2575.0,542.0,814.0,17834.0,48395.0,1216.0,3391.0,0.21,0.73,0.32,0.89,SoniaHoi索妮娅,[false],1
263,623a9d3b39df450001204b7b,慷慨的幼稚不见了i,[false],51.0,5232.0,11474.0,4493.0,5264.0,46.0,3251.0,8374.0,2608.0,2863.0,613.0,404.0,27569.0,57554.0,955.0,2573.0,0.12,0.62,0.29,0.79,慷慨的幼稚不见了i,[false],2
264,56c89a29a2a739023cb6b3d8,桃子-CSCS,"[false,true]",15.0,5193.0,11480.0,3865.0,4736.0,14.0,3058.0,7593.0,1876.0,1887.0,506.0,806.0,19626.0,63971.0,1165.0,2732.0,0.26,0.59,0.38,0.89,桃子-CSCS,"[false,true]",1
265,55c95a17ca9938a815f24a14,夏川_chuan,[false],14.0,5189.0,10297.0,4924.0,5641.0,14.0,2598.0,6531.0,2385.0,2475.0,694.0,520.0,19791.0,44817.0,790.0,2193.0,0.2,0.5,0.3,0.84,夏川_chuan,[false],1
266,565479fbcbb94b49f6289b89,迟雅美,[false],16.0,5158.0,11303.0,3636.0,3932.0,16.0,4199.0,9950.0,2789.0,2845.0,584.0,722.0,14617.0,32508.0,1345.0,3265.0,0.17,0.81,0.32,0.78,迟雅美,[false],2
267,5558ab04eceba355da8e6097,认识阿牛,[false],22.0,5106.0,14649.0,2531.0,3000.0,22.0,4055.0,12172.0,1673.0,1824.0,353.0,1253.0,14630.0,44725.0,1571.0,3585.0,0.31,0.79,0.39,0.88,认识阿牛,[false],1
268,5fd730ba90e13b48b48e3fd9,陈玉轩Noah,"[false,true]",40.0,5052.0,11682.0,4358.0,6406.0,41.0,2365.0,6644.0,1769.0,2284.0,591.0,562.0,54287.0,111131.0,810.0,2140.0,0.24,0.47,0.34,0.9,陈玉轩Noah,"[false,true]",1
269,5d4eb445790b9306e8e4a47b,白敬亭,[true],1.0,5049.0,10974.0,3535.0,4098.0,1.0,2830.0,6962.0,1597.0,1601.0,349.0,515.0,9347.0,27141.0,890.0,2314.0,0.18,0.56,0.31,0.82,白敬亭,[true],2
271,5900c40f49330323c30147ab,陈海诺Leo,[false],3.0,4987.0,11436.0,3190.0,3588.0,3.0,4295.0,10212.0,2575.0,2590.0,584.0,788.0,11674.0,38072.0,1443.0,3565.0,0.18,0.86,0.34,0.83,陈海诺Leo,[false],1
272,58294fdc493303326f5aa08e,张鹏__Roc,[false],11.0,4923.0,13327.0,3202.0,3652.0,11.0,3312.0,10710.0,1748.0,1839.0,531.0,940.0,11662.0,35071.0,1446.0,2774.0,0.28,0.67,0.44,0.84,张鹏__Roc,[false],1
273,5ff2080b2bc2365c12924fa5,德国姐姐韦玫霖,[false],32.0,4913.0,7122.0,4816.0,5519.0,32.0,2833.0,4428.0,2762.0,3066.0,470.0,278.0,17313.0,40295.0,492.0,2414.0,0.1,0.58,0.17,0.85,德国姐姐韦玫霖,[false],2
274,623a9d3be261b900018e52bc,仁慈的懂事了,[false],36.0,4903.0,11211.0,4366.0,4901.0,30.0,3394.0,8629.0,2938.0,3128.0,726.0,393.0,14234.0,32271.0,976.0,2822.0,0.12,0.69,0.29,0.83,仁慈的懂事了,[false],2
275,56c2a0339459146c576e80a6,桑禹涵sky,[false],41.0,4872.0,11944.0,3576.0,4322.0,41.0,3487.0,9052.0,2370.0,2612.0,422.0,630.0,14735.0,40481.0,1013.0,2887.0,0.18,0.72,0.29,0.83,桑禹涵sky,[false],2
276,54f70407afbbd78b1d0ff265,安妮小妞ANNIE,[false],12.0,4836.0,10780.0,3833.0,4117.0,12.0,3739.0,8665.0,2881.0,2953.0,578.0,477.0,12473.0,27641.0,1053.0,3145.0,0.13,0.77,0.28,0.84,安妮小妞ANNIE,[false],2
277,5a804e9a7511ce21f85a0362,张槑槑mei,[false],8.0,4787.0,10497.0,3712.0,4055.0,8.0,3481.0,8369.0,2468.0,2490.0,648.0,672.0,16981.0,39208.0,1241.0,2881.0,0.19,0.73,0.36,0.83,张槑槑mei,[false],1
278,623a9da74b919400017070fe,随和的顾北,[false],28.0,4727.0,6520.0,4525.0,4709.0,28.0,4111.0,5371.0,3992.0,4063.0,503.0,179.0,12196.0,20166.0,549.0,3237.0,0.04,0.87,0.13,0.79,随和的顾北,[false],2
279,5f44cb149521744454d72ea6,下个月誓死瘦5斤,[false],4.0,4725.0,7723.0,4404.0,5885.0,4.0,1113.0,2274.0,889.0,975.0,106.0,141.0,11402.0,28502.0,220.0,844.0,0.13,0.24,0.2,0.76,下个月誓死瘦5斤,[false],2
280,5680eaad27d7b1a27519b767,的欢-gladys,[false],2.0,4606.0,12453.0,3205.0,4202.0,2.0,2572.0,8258.0,1447.0,1547.0,618.0,625.0,12207.0,49918.0,1238.0,2191.0,0.24,0.56,0.48,0.85,的欢-gladys,[false],1
281,57b9d3371a2d766e7f35a425,Koach小颠儿,[false],6.0,4589.0,7762.0,3670.0,4075.0,2.0,2251.0,4521.0,1577.0,1578.0,241.0,268.0,13556.0,34116.0,560.0,1755.0,0.12,0.49,0.25,0.78,Koach小颠儿,[false],2
282,5958751815e66e0d61df5425,达微1,[false],2.0,4563.0,8942.0,2341.0,2637.0,2.0,3520.0,7196.0,1468.0,1472.0,328.0,1005.0,15560.0,39729.0,1264.0,3193.0,0.29,0.77,0.36,0.91,达微1,[false],1
283,57581d9810e3a42105144722,Oh是Connie呀,[false],6.0,4549.0,6347.0,4307.0,4586.0,6.0,2700.0,3941.0,2518.0,2536.0,325.0,103.0,19126.0,34999.0,408.0,2132.0,0.04,0.59,0.15,0.79,Oh是Connie呀,[false],2
284,623a9d9459b00e00011b13fe,随和的一种安定缓慢的成长,[false],27.0,4542.0,10564.0,2742.0,3336.0,26.0,2672.0,6923.0,1373.0,1470.0,303.0,341.0,11204.0,30193.0,1005.0,2223.0,0.13,0.59,0.38,0.83,随和的一种安定缓慢的成长,[false],2
285,623a9d67d611d60001c0eb4a,随和的小成熟i,[false],42.0,4476.0,6102.0,4410.0,4960.0,35.0,3338.0,4510.0,3291.0,3569.0,383.0,74.0,11681.0,22699.0,373.0,2195.0,0.02,0.75,0.11,0.66,随和的小成熟i,[false],2
286,623a9d9e57a9d60001df2bb6,专注的、梦屿千寻,[false],34.0,4334.0,6451.0,3928.0,4391.0,33.0,2370.0,3572.0,2102.0,2156.0,294.0,86.0,17650.0,31634.0,408.0,1811.0,0.04,0.55,0.17,0.76,专注的、梦屿千寻,[false],2
287,58fc284e8c26a3632ae95a23,降龙健身,[false],14.0,4300.0,9112.0,3443.0,3839.0,14.0,2946.0,6515.0,2216.0,2241.0,468.0,397.0,10926.0,28086.0,845.0,2332.0,0.13,0.69,0.29,0.79,降龙健身,[false],2
288,55e64fa0634869770922af80,A鱼鱼,[false],12.0,4093.0,8930.0,3240.0,3541.0,12.0,3061.0,7474.0,2254.0,2295.0,508.0,540.0,13824.0,30657.0,971.0,2650.0,0.18,0.75,0.32,0.87,A鱼鱼,[false],1
289,5820461f31f1164ac4c65976,BlessLeroy,[false],1.0,4063.0,7995.0,3440.0,4045.0,1.0,2005.0,4698.0,1462.0,1463.0,346.0,335.0,12369.0,33911.0,636.0,1718.0,0.17,0.49,0.32,0.86,BlessLeroy,[false],2
290,5e3b9904b02f9a09fd3320f8,陈暖央Lunasea,[false],19.0,3960.0,7780.0,3009.0,3516.0,18.0,2557.0,5534.0,1763.0,1858.0,334.0,339.0,12549.0,29927.0,705.0,2057.0,0.13,0.65,0.28,0.8,陈暖央Lunasea,[false],2
291,623a9d3c7f38740001829cc8,乐观的历日旷久,[false],42.0,3925.0,6662.0,3732.0,4459.0,41.0,2639.0,4313.0,2505.0,2709.0,487.0,274.0,15920.0,37518.0,537.0,2058.0,0.1,0.67,0.2,0.78,乐观的历日旷久,[false],2
292,623a9d72e261b900018e55c7,足智多谋的好好爱自已,[false],44.0,3854.0,7394.0,2851.0,3321.0,43.0,2684.0,5374.0,1824.0,1957.0,367.0,271.0,14449.0,31893.0,749.0,2294.0,0.1,0.7,0.28,0.85,足智多谋的好好爱自已,[false],2
294,5590d1e1159f9646a66f4610,Cokey斯琦,[false],1.0,3815.0,13615.0,1540.0,1723.0,1.0,3661.0,13139.0,1491.0,1492.0,446.0,940.0,9545.0,32477.0,1721.0,3147.0,0.26,0.96,0.47,0.86,Cokey斯琦,[false],1
295,5942d17515e66e0cbfaf0957,Koach璐溪,[false],184.0,3761.0,11131.0,0.0,0.0,2.0,8.0,9.0,8.0,8.0,1.0,0.0,10114.0,33128.0,1.0,5.0,0.0,0.0,0.13,0.63,Koach璐溪,[false],2
296,623a9da14b9194000170709e,专注的共赏白头,[false],22.0,3698.0,5796.0,3462.0,3849.0,22.0,2280.0,3583.0,2142.0,2197.0,389.0,193.0,17470.0,32266.0,448.0,1879.0,0.08,0.62,0.2,0.82,专注的共赏白头,[false],2
297,589fe0cc49330375453045d1,埃克斯歪爱拿铁,[false],4.0,3624.0,10970.0,2242.0,2483.0,4.0,2345.0,8733.0,1128.0,1132.0,306.0,607.0,8792.0,29279.0,1068.0,2030.0,0.26,0.65,0.46,0.87,埃克斯歪爱拿铁,[false],1
298,58b6bfdc4933033ef71bc83f,山姆爱健身,[false],14.0,3475.0,9548.0,2187.0,2595.0,14.0,2417.0,7714.0,1206.0,1321.0,289.0,699.0,12455.0,31807.0,972.0,2096.0,0.29,0.7,0.4,0.87,山姆爱健身,[false],1
299,623a9da359b00e00011b14bc,勤奋的半城烟砂,[false],8.0,3428.0,4628.0,3381.0,3940.0,8.0,1560.0,2003.0,1543.0,1622.0,194.0,37.0,11635.0,26946.0,201.0,991.0,0.02,0.46,0.13,0.64,勤奋的半城烟砂,[false],2
300,623a9dae39df450001205243,勇敢的三五鸿雁,[false],39.0,3416.0,6788.0,3278.0,3997.0,39.0,2565.0,5213.0,2464.0,2706.0,608.0,288.0,15733.0,37079.0,640.0,2073.0,0.11,0.75,0.25,0.81,勇敢的三五鸿雁,[false],2
301,623a9d3c8b995800014053f3,侠义的乄゛遗忘丶过去的痛,[false],42.0,3342.0,5159.0,3180.0,3748.0,39.0,1347.0,2271.0,1219.0,1261.0,224.0,127.0,14192.0,31277.0,292.0,1049.0,0.09,0.4,0.22,0.78,侠义的乄゛遗忘丶过去的痛,[false],2
302,623a9ee484307c0001bf3613,仁慈的你又与谁,[false],3.0,3331.0,6978.0,3326.0,4119.0,3.0,2521.0,5243.0,2519.0,2710.0,969.0,759.0,7603.0,26942.0,953.0,1905.0,0.3,0.76,0.38,0.76,仁慈的你又与谁,[false],1
303,623a9dafeaf6fb00010ecc80,仁慈的婉若清风,[false],9.0,3326.0,5582.0,2998.0,3143.0,9.0,2585.0,3659.0,2511.0,2524.0,364.0,64.0,8725.0,15252.0,395.0,2182.0,0.02,0.78,0.15,0.84,仁慈的婉若清风,[false],2
304,623a9d941e3e850001b376d0,浪漫的星光下的寂寞,[false],36.0,3283.0,4526.0,3189.0,3484.0,27.0,2232.0,3067.0,2158.0,2174.0,299.0,106.0,12153.0,24434.0,336.0,1566.0,0.05,0.68,0.15,0.7,浪漫的星光下的寂寞,[false],2
305,58b4ff9d387e2813c8fa5f2f,大纯仔,[false],13.0,3223.0,10916.0,1702.0,1945.0,13.0,2551.0,9267.0,1141.0,1168.0,316.0,773.0,8641.0,25572.0,1215.0,2176.0,0.3,0.79,0.48,0.85,大纯仔,[false],1
306,623a9d70e261b900018e55a5,热情的理智去爱,[false],46.0,3091.0,5080.0,2896.0,3182.0,38.0,2197.0,3642.0,2043.0,2091.0,381.0,176.0,9959.0,20905.0,469.0,1670.0,0.08,0.71,0.21,0.76,热情的理智去爱,[false],2
307,5e58cd08790b9325199748d2,妮娜教你健身,[false],8.0,3057.0,7843.0,2136.0,2327.0,7.0,2209.0,6447.0,1333.0,1333.0,301.0,497.0,6453.0,16773.0,854.0,1861.0,0.22,0.72,0.39,0.84,妮娜教你健身,[false],1
308,56ac08f27ef71eee33dc75b9,GiaDu,[false],10.0,3054.0,7748.0,2074.0,3115.0,10.0,2097.0,5270.0,1244.0,1670.0,248.0,718.0,7223.0,33315.0,561.0,1881.0,0.34,0.69,0.27,0.9,GiaDu,[false],1
309,623a9d9d2bfd5a0001901755,成熟稳重的古城白衣少年殇i,[false],36.0,3043.0,9616.0,2528.0,3219.0,35.0,1447.0,7238.0,986.0,1062.0,390.0,374.0,10530.0,34127.0,710.0,1257.0,0.26,0.48,0.49,0.87,成熟稳重的古城白衣少年殇i,[false],1
310,61024e18a78eee7ef4dd414f,Adriene的每日瑜伽,[false],57.0,3023.0,4770.0,2472.0,2926.0,57.0,1470.0,2788.0,1047.0,1248.0,129.0,208.0,9650.0,23597.0,287.0,1225.0,0.14,0.49,0.2,0.83,Adriene的每日瑜伽,[false],2
311,572dcb8d7e217a2f0586791d,健身的胜楠sonia,[false],4.0,2949.0,6529.0,1921.0,2090.0,4.0,1980.0,5128.0,1085.0,1090.0,203.0,315.0,10872.0,24474.0,582.0,1643.0,0.16,0.67,0.29,0.83,健身的胜楠sonia,[false],2
312,5bf374011cf3d1602788f473,大跳的猫咪,[false],11.0,2912.0,7259.0,2277.0,3203.0,11.0,1675.0,4741.0,1085.0,1266.0,277.0,350.0,7687.0,27460.0,556.0,1411.0,0.21,0.58,0.33,0.84,大跳的猫咪,[false],1
313,58109d5e31f1160852bc9c59,Vicky-琪琪琪,[false],30.0,2906.0,5542.0,2293.0,2637.0,29.0,1994.0,4255.0,1426.0,1499.0,339.0,310.0,17358.0,39459.0,609.0,1723.0,0.16,0.69,0.31,0.86,Vicky-琪琪琪,[false],2
314,566d2a2378851afaacf5025f,拿铁女孩Fiona,[false],4.0,2882.0,6797.0,1338.0,1474.0,3.0,2150.0,5590.0,760.0,761.0,189.0,606.0,7949.0,20098.0,868.0,1766.0,0.28,0.75,0.4,0.82,拿铁女孩Fiona,[false],1
315,552e49103d5f5a753c1f3c85,建建爱生活,[false],6.0,2832.0,5741.0,2365.0,2646.0,6.0,1952.0,4471.0,1501.0,1521.0,356.0,281.0,8683.0,19079.0,607.0,1682.0,0.14,0.69,0.31,0.86,建建爱生活,[false],2
316,58d86e6731f1160263245479,王小花Hana,[false],17.0,2792.0,7184.0,1804.0,1955.0,17.0,2992.0,7945.0,1919.0,1956.0,452.0,604.0,7968.0,20745.0,1033.0,2522.0,0.2,1.07,0.35,0.84,王小花Hana,[false],1
317,5794e9d148c5182005c461e9,叔贵k你这在干嘛,[false],1.0,2787.0,5556.0,2369.0,2649.0,1.0,1693.0,3965.0,1323.0,1326.0,456.0,219.0,12431.0,34794.0,653.0,1487.0,0.13,0.61,0.39,0.88,叔贵k你这在干嘛,[false],2
318,5c2f114b7511ce6c16a19f90,特步,[true],2.0,2776.0,8239.0,1400.0,1522.0,2.0,2368.0,7259.0,1035.0,1038.0,219.0,743.0,6523.0,17773.0,961.0,2122.0,0.31,0.85,0.41,0.9,特步,[true],1
319,568e78bf1c7054731836f7b5,Koach洛洛,[false],81.0,2730.0,6484.0,1496.0,1732.0,4.0,1474.0,3668.0,886.0,939.0,164.0,174.0,7998.0,21703.0,479.0,1272.0,0.12,0.54,0.32,0.86,Koach洛洛,[false],2
320,623a9da1eaf6fb00010ecbb8,倔强的只想自私的拥有你i,[false],15.0,2725.0,4201.0,2624.0,2949.0,15.0,1871.0,3218.0,1785.0,1940.0,301.0,138.0,10253.0,19386.0,311.0,1497.0,0.07,0.69,0.17,0.8,倔强的只想自私的拥有你i,[false],2
321,57d94340493303343eb10d3e,街健小文,[false],3.0,2670.0,6587.0,1698.0,1946.0,3.0,1939.0,4976.0,1115.0,1119.0,285.0,544.0,8432.0,26588.0,769.0,1713.0,0.28,0.73,0.4,0.88,街健小文,[false],1
322,55c995dee980e0e902c30abc,黄钲轩没肌肉,[false],23.0,2612.0,5508.0,2184.0,2934.0,23.0,1391.0,3251.0,1012.0,1226.0,247.0,277.0,23315.0,47102.0,433.0,1226.0,0.2,0.53,0.31,0.88,黄钲轩没肌肉,[false],1
323,58e31a6e31f116662a70bc07,黄小畔Mico,[false],8.0,2580.0,4915.0,2163.0,2346.0,8.0,1696.0,3264.0,1366.0,1395.0,240.0,191.0,10451.0,20096.0,412.0,1452.0,0.11,0.66,0.24,0.86,黄小畔Mico,[false],2
324,58d12a4949330374ff6fd957,Yvettia,[false],11.0,2555.0,4325.0,2160.0,2297.0,11.0,1789.0,3168.0,1454.0,1457.0,186.0,140.0,8359.0,16554.0,340.0,1269.0,0.08,0.7,0.19,0.71,Yvettia,[false],2
325,593cced489f2d118186ca232,missb是徐稚佑,[false],3.0,2539.0,5482.0,2013.0,2394.0,3.0,1506.0,3719.0,1053.0,1079.0,356.0,309.0,7635.0,21631.0,582.0,1343.0,0.21,0.59,0.39,0.89,missb是徐稚佑,[false],1
326,59c3eb96e666863660513e01,郭玖林,"[false,true]",4.0,2528.0,6396.0,1828.0,2321.0,3.0,1495.0,4122.0,957.0,959.0,317.0,256.0,6103.0,22996.0,586.0,1210.0,0.17,0.59,0.39,0.81,郭玖林,"[false,true]",1
327,55dad4a8bbf006c67e405d12,YogawithJava,[false],7.0,2515.0,4588.0,1834.0,2088.0,7.0,1670.0,3261.0,1058.0,1101.0,164.0,362.0,8921.0,19545.0,449.0,1491.0,0.22,0.66,0.27,0.89,YogawithJava,[false],1
328,58c9f88931f1164d546a137d,汤君Tang,[false],4.0,2505.0,5263.0,1883.0,2007.0,4.0,1884.0,4280.0,1303.0,1306.0,235.0,299.0,8647.0,17665.0,541.0,1595.0,0.16,0.75,0.29,0.85,汤君Tang,[false],2
329,55577f9131f57af6f6a49e20,德武安DUAN,[false],34.0,2491.0,4608.0,1936.0,2256.0,34.0,1426.0,3058.0,978.0,1054.0,195.0,169.0,16505.0,38719.0,402.0,1233.0,0.12,0.57,0.28,0.86,德武安DUAN,[false],2
330,60614f03f16ec72369ede917,Manduka,[false],4.0,2476.0,3227.0,2428.0,2763.0,4.0,672.0,1005.0,634.0,665.0,78.0,35.0,6235.0,13710.0,95.0,554.0,0.05,0.27,0.14,0.82,Manduka,[false],2
331,5b56fb2afe6e4313a1fed0e8,何佳粤,[false],2.0,2457.0,6859.0,881.0,1006.0,2.0,2025.0,5970.0,525.0,532.0,161.0,1024.0,9745.0,31322.0,1058.0,1878.0,0.51,0.82,0.52,0.93,何佳粤,[false],1
333,623a9da657a9d60001df2c48,睿智的红颜独憔悴,[false],39.0,2413.0,3284.0,2268.0,2395.0,37.0,1894.0,2353.0,1834.0,1876.0,165.0,66.0,8345.0,13276.0,182.0,1456.0,0.03,0.78,0.1,0.77,睿智的红颜独憔悴,[false],2
334,623a9d9d39df450001205122,睿智的醉墨漓烟,[false],39.0,2400.0,3969.0,2337.0,3257.0,37.0,545.0,1154.0,502.0,597.0,129.0,42.0,9179.0,26355.0,137.0,432.0,0.08,0.23,0.25,0.79,睿智的醉墨漓烟,[false],2
335,623a9da2eb4bb10001af5b1c,直率的浅尝辄止,[false],12.0,2325.0,4293.0,1844.0,2033.0,12.0,1480.0,2777.0,1171.0,1230.0,190.0,107.0,7150.0,14388.0,327.0,1231.0,0.07,0.64,0.22,0.83,直率的浅尝辄止,[false],2
336,62541b004489ad000129181b,陈金羽毛球,[false],2.0,2316.0,5305.0,2063.0,2609.0,2.0,1353.0,3382.0,1122.0,1135.0,463.0,321.0,6441.0,22285.0,615.0,1081.0,0.24,0.58,0.45,0.8,陈金羽毛球,[false],1
337,5d6f0249d20f9c164f66fb19,frank腹肌碎大石,[false],19.0,2308.0,5003.0,1846.0,2166.0,19.0,1200.0,3141.0,825.0,857.0,168.0,225.0,8452.0,21270.0,388.0,994.0,0.19,0.52,0.32,0.83,frank腹肌碎大石,[false],1
338,623a9d7084307c0001bf2158,热情的我会狠坚强,[false],29.0,2307.0,3400.0,2207.0,2454.0,26.0,1350.0,2034.0,1289.0,1381.0,140.0,61.0,9111.0,16600.0,169.0,982.0,0.05,0.59,0.13,0.73,热情的我会狠坚强,[false],2
339,56295ecc9a992a4cceb6987b,冰八块,[false],4.0,2302.0,3454.0,2093.0,2381.0,4.0,1324.0,2027.0,1149.0,1152.0,199.0,66.0,5377.0,13183.0,268.0,982.0,0.05,0.58,0.2,0.74,冰八块,[false],2
340,5dc369a755bcc40d63af2567,韩旭谈康复,[false],2.0,2265.0,3485.0,1968.0,2110.0,2.0,1430.0,2389.0,1163.0,1174.0,165.0,100.0,5648.0,11826.0,280.0,1061.0,0.07,0.63,0.2,0.74,韩旭谈康复,[false],2
341,56fcfc032aabdc1b0594761f,KK-健身派,[false],9.0,2251.0,5420.0,1091.0,1228.0,9.0,1720.0,4335.0,765.0,773.0,179.0,359.0,9102.0,20521.0,665.0,1441.0,0.21,0.76,0.39,0.84,KK-健身派,[false],1
342,57ed5cd431f1160ba7ed7073,Koach王子,[false],184.0,2195.0,4039.0,501.0,571.0,7.0,364.0,598.0,326.0,344.0,54.0,29.0,8684.0,21334.0,65.0,292.0,0.08,0.17,0.18,0.8,Koach王子,[false],2
343,5adefeec7511ce253ede4e31,PUMA彪马,"[true,false]",17.0,2188.0,4505.0,1348.0,1558.0,17.0,1545.0,3361.0,814.0,893.0,123.0,366.0,5320.0,13670.0,440.0,1357.0,0.24,0.71,0.28,0.88,PUMA彪马,"[true,false]",1
344,5e679099b52fab2b6a5d4ef8,Miao大小姐爱生活,[false],7.0,2151.0,5962.0,1332.0,1587.0,7.0,1565.0,4799.0,818.0,835.0,245.0,399.0,4679.0,14899.0,675.0,1338.0,0.25,0.73,0.43,0.85,Miao大小姐爱生活,[false],1
345,5aba5cb1e666865d1407719c,Koach颜颜,[false],131.0,2103.0,3754.0,366.0,413.0,2.0,203.0,347.0,185.0,193.0,32.0,22.0,12411.0,24343.0,42.0,172.0,0.11,0.1,0.21,0.85,Koach颜颜,[false],2
346,5d1efdce6b76fe05e3e393c2,Koach-Moose,[false],38.0,2102.0,4484.0,1066.0,1262.0,7.0,1083.0,2593.0,472.0,483.0,143.0,211.0,8871.0,22404.0,396.0,914.0,0.19,0.52,0.37,0.84,Koach-Moose,[false],1
347,569fc3565bb9301848c274c0,私人健身王,[false],14.0,2092.0,4584.0,1488.0,1637.0,14.0,1281.0,3328.0,822.0,848.0,177.0,238.0,5666.0,13542.0,441.0,1043.0,0.19,0.61,0.34,0.81,私人健身王,[false],1
348,624d01de8087bb0001c5a9ca,要练出腹肌的杰尼龟,[false],1.0,2055.0,4156.0,1849.0,2167.0,1.0,1413.0,2690.0,1270.0,1271.0,327.0,217.0,8683.0,18659.0,415.0,1190.0,0.15,0.69,0.29,0.84,要练出腹肌的杰尼龟,[false],2
349,623a9d7059b00e00011b1244,穿夹克的热情的善解人意,[false],43.0,1948.0,2956.0,1888.0,2287.0,42.0,1508.0,2184.0,1456.0,1563.0,165.0,59.0,8579.0,18132.0,190.0,1141.0,0.04,0.77,0.13,0.76,穿夹克的热情的善解人意,[false],2
350,554ae6a171959d28713a2983,米老虎bb,[false],1.0,1936.0,3158.0,1551.0,1816.0,1.0,1042.0,1786.0,729.0,729.0,149.0,53.0,4358.0,12674.0,292.0,750.0,0.05,0.54,0.28,0.72,米老虎bb,[false],2
351,59704756094afb4b4ff61bd2,思思_Crystal,[false],11.0,1869.0,2571.0,1845.0,2108.0,11.0,1448.0,2305.0,1439.0,1602.0,256.0,89.0,7544.0,13419.0,252.0,1113.0,0.06,0.77,0.17,0.77,思思_Crystal,[false],2
352,5718a9d418cbdb310517d77e,苏子一Sofia,[false],13.0,1858.0,3511.0,877.0,949.0,13.0,1386.0,2814.0,544.0,553.0,75.0,251.0,5965.0,12861.0,384.0,1157.0,0.18,0.75,0.28,0.83,苏子一Sofia,[false],2
353,5653316070d69f37cb1f654f,我是真子真子,[false],29.0,1816.0,4815.0,1222.0,1400.0,28.0,1188.0,3703.0,624.0,646.0,151.0,355.0,6930.0,19207.0,528.0,1065.0,0.3,0.65,0.44,0.9,我是真子真子,[false],1
354,623a9ee4ca0ace00010ffd80,温柔的北眼。,[false],2.0,1739.0,3153.0,1733.0,1935.0,2.0,1360.0,2505.0,1358.0,1397.0,393.0,304.0,6056.0,14278.0,389.0,930.0,0.22,0.78,0.29,0.68,温柔的北眼。,[false],1
355,5c6e579c7511ce60880aa824,轻瑜伽,[false],4.0,1716.0,6523.0,781.0,897.0,4.0,1269.0,5467.0,426.0,429.0,108.0,402.0,3322.0,12746.0,575.0,1067.0,0.32,0.74,0.45,0.84,轻瑜伽,[false],1
356,5ab9d1aae666865d1405fc0b,Yoyo和依侬,[false],1.0,1680.0,4429.0,907.0,1014.0,1.0,1229.0,3520.0,567.0,568.0,128.0,279.0,4760.0,13286.0,463.0,993.0,0.23,0.73,0.38,0.81,Yoyo和依侬,[false],1
357,55daac9b57c2bbba7e1c0c5d,迷途小猫仔,[false],6.0,1680.0,3545.0,1156.0,1281.0,6.0,1111.0,2645.0,646.0,650.0,169.0,277.0,5836.0,15271.0,414.0,943.0,0.25,0.66,0.37,0.85,迷途小猫仔,[false],1
358,5fbca1004cd88c15598b9c20,跟尚体育-强哥,[false],1.0,1671.0,2000.0,1619.0,1776.0,1.0,597.0,723.0,553.0,553.0,56.0,16.0,7227.0,14739.0,68.0,505.0,0.03,0.36,0.11,0.85,跟尚体育-强哥,[false],2
359,5b16a6947511ce087189c5ae,Sara枭枭枭,[false],10.0,1652.0,2487.0,1372.0,1564.0,10.0,509.0,1021.0,346.0,364.0,68.0,53.0,5342.0,11799.0,127.0,404.0,0.1,0.31,0.25,0.79,Sara枭枭枭,[false],2
360,574993968c36d2c47e4862a6,企鹅丹丹小姐,[false],3.0,1624.0,5294.0,895.0,1091.0,3.0,1175.0,4386.0,529.0,549.0,193.0,303.0,5122.0,18328.0,576.0,1041.0,0.26,0.72,0.49,0.89,企鹅丹丹小姐,[false],1
361,5784fe441f305d1206710049,街健小Q,[false],5.0,1594.0,2401.0,1433.0,1601.0,5.0,615.0,1152.0,476.0,478.0,76.0,69.0,4532.0,10347.0,145.0,529.0,0.11,0.39,0.24,0.86,街健小Q,[false],2
362,603733f5d523e91a761ab315,Yummy鸭_,[false],1.0,1592.0,2296.0,1588.0,1691.0,1.0,1066.0,1551.0,1066.0,1066.0,205.0,68.0,5113.0,10087.0,205.0,819.0,0.06,0.67,0.19,0.77,Yummy鸭_,[false],2
363,57b1cb5d744ad12205701a9f,减肥吧小木,[false],34.0,1585.0,3710.0,1070.0,1198.0,34.0,1136.0,3119.0,650.0,683.0,134.0,249.0,5356.0,12400.0,408.0,947.0,0.22,0.72,0.36,0.83,减肥吧小木,[false],1
364,5afba4011cf3d103efc8dda3,lululemon,[false],19.0,1547.0,3303.0,1148.0,1511.0,16.0,959.0,2333.0,620.0,783.0,83.0,158.0,5371.0,14309.0,233.0,814.0,0.16,0.62,0.24,0.85,lululemon,[false],2
365,5b456f8e7511ce7962940d62,李科璇璇,[false],2.0,1545.0,3033.0,1179.0,1251.0,2.0,801.0,2042.0,476.0,478.0,95.0,140.0,5726.0,11137.0,274.0,679.0,0.17,0.52,0.34,0.85,李科璇璇,[false],1
366,5e902f3a790b93014b331d06,KeepBarre,[true],4.0,1524.0,5026.0,503.0,771.0,4.0,1319.0,4133.0,351.0,470.0,106.0,502.0,7226.0,22558.0,537.0,1217.0,0.38,0.87,0.41,0.92,KeepBarre,[true],1
367,5e37fd966fbc5609c3ff63bc,健身教练刘远,[false],4.0,1505.0,3207.0,1180.0,1291.0,4.0,761.0,2163.0,467.0,469.0,119.0,188.0,4775.0,11033.0,276.0,654.0,0.25,0.51,0.36,0.86,健身教练刘远,[false],1
368,5cfe4b49d20f9c5451d0ede4,愉快的有内涵的妮妮,[false],13.0,1486.0,2861.0,1095.0,1219.0,13.0,974.0,2141.0,628.0,645.0,119.0,159.0,4209.0,9994.0,273.0,831.0,0.16,0.66,0.28,0.85,愉快的有内涵的妮妮,[false],2
369,623a9d672bfd5a000190147d,倔强的等得我没话说了,[false],38.0,1451.0,2591.0,1250.0,1433.0,33.0,835.0,1708.0,672.0,701.0,131.0,74.0,6924.0,13229.0,226.0,673.0,0.09,0.58,0.27,0.81,倔强的等得我没话说了,[false],2
370,5644b3b8c0b8bea92690f9ec,运动养生践行者,[false],4.0,1444.0,2815.0,1444.0,1760.0,4.0,847.0,1845.0,847.0,919.0,298.0,214.0,4947.0,13806.0,286.0,702.0,0.25,0.59,0.34,0.83,运动养生践行者,[false],1
372,623a9d9cd611d60001c0ee11,简单的要有女王心。,[false],26.0,1419.0,2159.0,1285.0,1467.0,26.0,645.0,957.0,578.0,620.0,66.0,35.0,7435.0,13277.0,95.0,538.0,0.05,0.45,0.15,0.83,简单的要有女王心。,[false],2
373,623a9da8ca0ace00010fec55,慷慨的▄︻┻┳═一,[false],37.0,1419.0,2210.0,1361.0,1500.0,31.0,945.0,1532.0,901.0,940.0,166.0,60.0,6761.0,12591.0,187.0,803.0,0.06,0.67,0.2,0.85,慷慨的▄︻┻┳═一,[false],2
374,623a9da3d611d60001c0ee74,风趣幽默的ヮ几近冰封的温存,[false],37.0,1405.0,2695.0,1349.0,1743.0,37.0,920.0,1769.0,879.0,1028.0,225.0,101.0,6382.0,13875.0,236.0,710.0,0.11,0.65,0.26,0.77,风趣幽默的ヮ几近冰封的温存,[false],2
375,5993ea67094afb09d8dd4ad4,徽徽502,[false],7.0,1346.0,2293.0,1122.0,1213.0,7.0,831.0,1584.0,633.0,639.0,126.0,105.0,5725.0,11383.0,213.0,688.0,0.13,0.62,0.26,0.83,徽徽502,[false],2
377,54faed7555a9ab5f20a1a094,雨菲努力ing,[false],2.0,1255.0,3440.0,754.0,803.0,1.0,957.0,2931.0,503.0,503.0,97.0,189.0,3172.0,8561.0,356.0,865.0,0.2,0.76,0.37,0.9,雨菲努力ing,[false],1
378,575fa3245ca9bac20a7c48bc,孟阿生,[false],14.0,1235.0,2881.0,970.0,1578.0,14.0,658.0,1473.0,464.0,633.0,125.0,91.0,19399.0,41853.0,195.0,551.0,0.14,0.53,0.3,0.84,孟阿生,[false],2
379,623a9daee261b900018e599a,慷慨的帖花黄,[false],36.0,1234.0,1774.0,1227.0,1427.0,34.0,631.0,1021.0,624.0,711.0,100.0,26.0,5126.0,11792.0,95.0,476.0,0.04,0.51,0.15,0.75,慷慨的帖花黄,[false],2
380,54d86ec7aae446600a4fd0e6,跑步的子章老师,[false],1.0,1214.0,5404.0,546.0,606.0,1.0,1430.0,5586.0,735.0,735.0,215.0,469.0,2494.0,10208.0,706.0,962.0,0.33,1.18,0.49,0.67,跑步的子章老师,[false],1
381,5aaa4659e6668648f330079f,美猫的生活,[false],14.0,1155.0,1886.0,892.0,970.0,14.0,574.0,1161.0,382.0,386.0,66.0,69.0,4389.0,9218.0,154.0,454.0,0.12,0.5,0.27,0.79,美猫的生活,[false],2
382,58a41b6f31f116689dd29def,260斤的超级大胖子,[false],2.0,1154.0,2611.0,429.0,498.0,2.0,985.0,2373.0,295.0,305.0,53.0,310.0,5012.0,12876.0,373.0,885.0,0.31,0.85,0.38,0.9,260斤的超级大胖子,[false],1
383,55f966447db07e2f66d912bc,Anny吉阿,[false],55.0,1151.0,1641.0,1151.0,1471.0,53.0,522.0,785.0,521.0,645.0,82.0,157.0,6530.0,18254.0,76.0,394.0,0.3,0.45,0.15,0.75,Anny吉阿,[false],1
384,623a9da32bfd5a00019017c1,热情的蛋蛋de忧伤,[false],28.0,1150.0,1717.0,1120.0,1279.0,27.0,819.0,1228.0,791.0,855.0,121.0,45.0,5760.0,12514.0,137.0,667.0,0.05,0.71,0.17,0.81,热情的蛋蛋de忧伤,[false],2
385,614abf3a2bc23633b549ab9b,许赛文,[false],2.0,1141.0,1911.0,1114.0,1231.0,2.0,558.0,1182.0,537.0,558.0,146.0,49.0,4717.0,10207.0,159.0,476.0,0.09,0.49,0.28,0.85,许赛文,[false],2
386,5cb28b5ad20f9c210bbc7d87,麦可MKO,[false],16.0,1125.0,1436.0,1034.0,1128.0,15.0,238.0,438.0,160.0,162.0,22.0,37.0,6332.0,11703.0,59.0,205.0,0.16,0.21,0.25,0.86,麦可MKO,[false],2
387,56bcb49ebc171b3b6144c92e,仙儿Yoga,[false],5.0,1118.0,2154.0,751.0,840.0,5.0,857.0,1621.0,556.0,569.0,100.0,166.0,3054.0,7049.0,230.0,745.0,0.19,0.77,0.27,0.87,仙儿Yoga,[false],2
388,5d42947ed20f9c56b29ea709,卡罗尔的歌,[false],10.0,1103.0,2370.0,734.0,795.0,10.0,1269.0,2656.0,882.0,891.0,163.0,193.0,4402.0,9313.0,356.0,1060.0,0.15,1.15,0.28,0.84,卡罗尔的歌,[false],2
389,60964fe5d523e909eb9cc45f,Physique57,[false],6.0,1064.0,1492.0,951.0,1083.0,6.0,367.0,578.0,289.0,299.0,22.0,34.0,8007.0,15178.0,53.0,317.0,0.09,0.34,0.14,0.86,Physique57,[false],2
390,5d7acb2e790b936b3b2d0aac,龙希龙希,[false],6.0,1059.0,2276.0,774.0,912.0,6.0,649.0,1677.0,392.0,408.0,83.0,146.0,4724.0,11428.0,226.0,560.0,0.22,0.61,0.35,0.86,龙希龙希,[false],1
391,623a9dad59b00e00011b156a,浪漫的小木偶,[false],39.0,1036.0,1617.0,1017.0,1096.0,35.0,846.0,1282.0,839.0,872.0,137.0,40.0,4772.0,8660.0,143.0,722.0,0.05,0.82,0.17,0.85,浪漫的小木偶,[false],2
393,623a9daf8b99580001405a69,浪漫的神经病一号,[false],11.0,1032.0,1679.0,1010.0,1367.0,10.0,389.0,729.0,374.0,460.0,62.0,22.0,3600.0,8529.0,62.0,273.0,0.06,0.38,0.16,0.7,浪漫的神经病一号,[false],2
394,5a6aa97ee666867ed146adbb,做7分钟的英雄,[false],8.0,1029.0,2506.0,969.0,1264.0,8.0,615.0,1744.0,558.0,641.0,226.0,149.0,3652.0,9909.0,249.0,515.0,0.24,0.6,0.4,0.84,做7分钟的英雄,[false],1
395,559a8db13defbf9e952e80e6,Susandu,[false],4.0,1024.0,2373.0,591.0,647.0,4.0,578.0,1681.0,183.0,187.0,49.0,253.0,5334.0,12168.0,295.0,538.0,0.44,0.56,0.51,0.93,Susandu,[false],1
396,593c8a4e493303784e224598,梁颖Yilia,[false],10.0,993.0,2401.0,636.0,756.0,10.0,585.0,1733.0,280.0,312.0,57.0,137.0,3196.0,8310.0,191.0,505.0,0.23,0.59,0.33,0.86,梁颖Yilia,[false],1
397,5eec8f3ed20f9c65ea59fd49,巨胃莎JWS,[false],3.0,993.0,3278.0,752.0,994.0,3.0,697.0,2609.0,473.0,537.0,171.0,105.0,3076.0,12068.0,311.0,603.0,0.15,0.7,0.45,0.87,巨胃莎JWS,[false],1
398,623a9ec5e261b900018e6867,激动的内向的花开半夏凉城空,[false],1.0,993.0,1747.0,978.0,1030.0,1.0,810.0,1280.0,809.0,812.0,200.0,126.0,2102.0,4555.0,203.0,469.0,0.16,0.82,0.25,0.58,激动的内向的花开半夏凉城空,[false],2
399,5a54479e9ee4e51ad84d6d5e,Keep_私家课,[false],1.0,988.0,2673.0,849.0,1513.0,1.0,604.0,1564.0,481.0,659.0,162.0,86.0,13458.0,21365.0,235.0,457.0,0.14,0.61,0.39,0.76,Keep_私家课,[false],2
400,5985dcf12881d70b811143d9,stephen269,[false],4.0,982.0,2204.0,666.0,759.0,4.0,707.0,1691.0,413.0,414.0,96.0,195.0,3982.0,11236.0,267.0,619.0,0.28,0.72,0.38,0.88,stephen269,[false],1
401,59c93d8ae666863660569d9c,悟空bask,[false],4.0,916.0,1908.0,654.0,730.0,4.0,570.0,1363.0,348.0,357.0,70.0,131.0,2768.0,7874.0,186.0,493.0,0.23,0.62,0.33,0.86,悟空bask,[false],1
402,5587eece5f9cd99ebcd823a4,情侣健身的日常,[false],5.0,909.0,2289.0,627.0,689.0,5.0,676.0,1855.0,413.0,415.0,73.0,115.0,3575.0,7609.0,226.0,599.0,0.17,0.74,0.33,0.89,情侣健身的日常,[false],1
403,623a9d9d8b9958000140596f,倔强的，被遗忘在街角,[false],9.0,891.0,1095.0,882.0,955.0,9.0,773.0,924.0,769.0,823.0,63.0,28.0,2040.0,3449.0,60.0,410.0,0.04,0.87,0.08,0.53,倔强的，被遗忘在街角,[false],2
404,56c4edd67c543f751043014e,马婉君Pony,[false],8.0,886.0,2286.0,542.0,581.0,8.0,668.0,1803.0,347.0,349.0,54.0,138.0,2991.0,6791.0,243.0,596.0,0.21,0.75,0.36,0.89,马婉君Pony,[false],1
405,58304085493303326f9d429e,Amber梨梨橙KTS,[false],5.0,842.0,1764.0,560.0,604.0,5.0,670.0,1508.0,409.0,412.0,72.0,135.0,2422.0,5488.0,192.0,561.0,0.2,0.8,0.29,0.84,Amber梨梨橙KTS,[false],1
406,56b06cafbb9c3234117ec76a,beryl贝贝,[false],4.0,834.0,2262.0,519.0,587.0,4.0,524.0,1732.0,232.0,234.0,47.0,143.0,2690.0,7242.0,221.0,433.0,0.27,0.63,0.42,0.83,beryl贝贝,[false],1
408,61d5504d03ab300001468ca9,誉硕教育,[false],10.0,814.0,1335.0,763.0,996.0,10.0,395.0,719.0,348.0,430.0,69.0,43.0,3935.0,10375.0,86.0,336.0,0.11,0.49,0.22,0.85,誉硕教育,[false],2
409,587f8e26387e28374d4a707d,RaindyYyd,[false],7.0,811.0,1176.0,771.0,972.0,7.0,153.0,283.0,129.0,136.0,16.0,18.0,3998.0,8983.0,23.0,128.0,0.12,0.19,0.15,0.84,RaindyYyd,[false],2
410,55857ee1c2f479e465e2649a,Koach淼淼,[false],199.0,804.0,2043.0,4.0,7.0,5.0,6.0,30.0,3.0,6.0,3.0,3.0,3068.0,11984.0,4.0,6.0,0.5,0.01,0.67,1.0,Koach淼淼,[false],1
412,623a9d9b258c930001e963ef,倔强的世界之大,[false],29.0,783.0,1454.0,734.0,882.0,28.0,562.0,1096.0,514.0,587.0,105.0,58.0,3349.0,8403.0,129.0,476.0,0.1,0.72,0.23,0.85,倔强的世界之大,[false],2
413,5708f8c91710eddc7694df7a,Angelinaw黑天使,[false],2.0,767.0,1012.0,720.0,744.0,2.0,578.0,752.0,545.0,546.0,62.0,13.0,1775.0,3208.0,73.0,389.0,0.02,0.75,0.13,0.67,Angelinaw黑天使,[false],2
414,55ba4a0c967023870f9792c0,于冰Amanda,[false],32.0,757.0,1336.0,645.0,729.0,31.0,449.0,981.0,364.0,410.0,53.0,36.0,2624.0,5866.0,86.0,369.0,0.08,0.59,0.19,0.82,于冰Amanda,[false],2
415,5e3ce473d20f9c3df278b6d0,一诺三哥,[false],13.0,735.0,1440.0,599.0,730.0,13.0,715.0,1727.0,587.0,721.0,146.0,63.0,2528.0,5951.0,152.0,594.0,0.09,0.97,0.21,0.83,一诺三哥,[false],2
416,56bc8bcba3d660485741a60c,雕塑者John,[false],6.0,721.0,1540.0,540.0,602.0,6.0,495.0,1153.0,334.0,336.0,69.0,84.0,2416.0,6036.0,149.0,421.0,0.17,0.69,0.3,0.85,雕塑者John,[false],2
417,623a9db5d611d60001c0ef61,成熟稳重的梦碎人亦醒,[false],15.0,720.0,1063.0,714.0,908.0,15.0,593.0,867.0,589.0,717.0,75.0,19.0,2853.0,6652.0,65.0,413.0,0.03,0.82,0.11,0.7,成熟稳重的梦碎人亦醒,[false],2
418,623a9dae7f3874000182a32c,侠义的柠栀,[false],30.0,720.0,1024.0,716.0,835.0,28.0,545.0,786.0,543.0,613.0,52.0,16.0,4083.0,8326.0,47.0,405.0,0.03,0.76,0.09,0.74,侠义的柠栀,[false],2
419,623a9d9c1e3e850001b37743,风趣幽默的深似海,[false],20.0,712.0,1156.0,665.0,831.0,20.0,414.0,667.0,381.0,401.0,69.0,24.0,3355.0,7937.0,82.0,357.0,0.06,0.58,0.2,0.86,风趣幽默的深似海,[false],2
420,605afeb42bc23674fcbf206f,好课种草君,[false],1.0,708.0,1266.0,515.0,538.0,1.0,479.0,818.0,338.0,338.0,59.0,44.0,1485.0,2882.0,108.0,397.0,0.09,0.68,0.23,0.83,好课种草君,[false],2
421,56e971a28e46b61b05b46998,青亭carina,[false],4.0,644.0,1129.0,403.0,431.0,4.0,449.0,842.0,243.0,245.0,34.0,74.0,1694.0,3739.0,112.0,389.0,0.16,0.7,0.25,0.87,青亭carina,[false],2
422,576b4d23169ed6fc08943307,Judy果蝈,[false],1.0,638.0,735.0,638.0,708.0,1.0,79.0,98.0,79.0,79.0,9.0,12.0,2014.0,3926.0,9.0,56.0,0.15,0.12,0.11,0.71,Judy果蝈,[false],2
424,6230814f00766a00018e9f7f,侠义的瑾夏年华,[false],20.0,612.0,1206.0,494.0,618.0,20.0,344.0,740.0,268.0,340.0,46.0,24.0,2420.0,4763.0,86.0,301.0,0.07,0.56,0.25,0.88,侠义的瑾夏年华,[false],2
425,56d77a83d69b2ba91b389402,是谱蓝耶,[false],3.0,611.0,1148.0,553.0,594.0,3.0,411.0,803.0,370.0,377.0,65.0,34.0,2681.0,5120.0,88.0,356.0,0.08,0.67,0.21,0.87,是谱蓝耶,[false],2
426,5890b78d8c26a329539ccf8f,卡路里老师,[false],2.0,606.0,1272.0,353.0,413.0,2.0,343.0,845.0,129.0,141.0,23.0,75.0,1899.0,4954.0,125.0,288.0,0.22,0.57,0.36,0.84,卡路里老师,[false],1
427,623a9d9d7f3874000182a228,直率的听说标题会诱惑人i,[false],19.0,596.0,779.0,574.0,635.0,16.0,193.0,303.0,180.0,188.0,26.0,14.0,2795.0,5354.0,26.0,148.0,0.07,0.32,0.13,0.77,直率的听说标题会诱惑人i,[false],2
428,5664083ead934410d1e854aa,可欣孕产理疗瑜伽,[false],5.0,588.0,800.0,494.0,520.0,2.0,305.0,432.0,234.0,240.0,28.0,32.0,1383.0,2815.0,50.0,269.0,0.1,0.52,0.16,0.88,可欣孕产理疗瑜伽,[false],2
429,5c6e4a27e666862b15325a9a,今哥YO健身,[false],6.0,588.0,979.0,489.0,532.0,6.0,355.0,661.0,273.0,274.0,70.0,36.0,1418.0,2979.0,104.0,309.0,0.1,0.6,0.29,0.87,今哥YO健身,[false],2
430,54c2794271199612375c0486,灵魂健身杨老师,[false],1.0,577.0,1491.0,238.0,284.0,1.0,441.0,1225.0,136.0,136.0,32.0,135.0,2811.0,8099.0,174.0,385.0,0.31,0.76,0.39,0.87,灵魂健身杨老师,[false],1
431,57c5a80631f11605c5ee406c,Koach郑伟,[false],14.0,542.0,1094.0,423.0,533.0,14.0,274.0,653.0,186.0,218.0,36.0,28.0,1610.0,4520.0,63.0,223.0,0.1,0.51,0.23,0.81,Koach郑伟,[false],2
432,56721aa01cf861e88704922f,Jenny芭蕾,[false],9.0,539.0,976.0,424.0,453.0,9.0,401.0,683.0,317.0,321.0,36.0,32.0,1562.0,3479.0,73.0,330.0,0.08,0.74,0.18,0.82,Jenny芭蕾,[false],2
433,56cd3ac339639ca30385e11c,海上段段,[false],6.0,531.0,1578.0,308.0,343.0,6.0,452.0,1388.0,239.0,246.0,42.0,104.0,1484.0,4515.0,140.0,391.0,0.23,0.85,0.31,0.87,海上段段,[false],1
434,584ea52a387e28075f51e0a7,早起的虫儿啥都吃,[false],2.0,524.0,1463.0,325.0,356.0,2.0,384.0,1236.0,205.0,208.0,56.0,91.0,1624.0,4071.0,166.0,331.0,0.24,0.73,0.43,0.86,早起的虫儿啥都吃,[false],1
435,55914e180fda796808bc7bae,MsGary林嘉仪,[false],12.0,516.0,1386.0,311.0,354.0,12.0,380.0,1143.0,199.0,210.0,38.0,78.0,1813.0,4863.0,135.0,319.0,0.21,0.74,0.36,0.84,MsGary林嘉仪,[false],1
436,578b7bdfd3d8ac36058da725,莺心而悦,[false],4.0,503.0,1064.0,369.0,406.0,4.0,238.0,709.0,118.0,121.0,26.0,71.0,2225.0,5263.0,96.0,212.0,0.3,0.47,0.4,0.89,莺心而悦,[false],1
437,5716757474a209e959a40629,王立鑫Tony,[false],5.0,487.0,1241.0,391.0,452.0,5.0,366.0,1044.0,279.0,308.0,57.0,67.0,1386.0,4033.0,103.0,321.0,0.18,0.75,0.28,0.88,王立鑫Tony,[false],2
439,623a9d952bfd5a00019016f2,倔强的多活一点给自己看,[false],8.0,479.0,893.0,433.0,500.0,8.0,258.0,545.0,222.0,223.0,49.0,47.0,1852.0,3836.0,70.0,204.0,0.18,0.54,0.27,0.79,倔强的多活一点给自己看,[false],2
440,623a9dcb4b91940001707300,勤奋的我的高傲尔等岂懂,[false],8.0,478.0,697.0,464.0,513.0,8.0,371.0,567.0,356.0,380.0,61.0,18.0,3414.0,5397.0,65.0,267.0,0.05,0.78,0.18,0.72,勤奋的我的高傲尔等岂懂,[false],2
441,623a9d95e261b900018e57e2,慷慨的疯子的梦想,[false],21.0,474.0,630.0,444.0,495.0,19.0,233.0,328.0,214.0,222.0,24.0,7.0,3346.0,5322.0,34.0,199.0,0.03,0.49,0.15,0.85,慷慨的疯子的梦想,[false],2
442,5e7b05fdd20f9c61e9018603,每日瑜伽DailyYoga,[false],28.0,463.0,2083.0,222.0,398.0,28.0,264.0,1430.0,95.0,167.0,45.0,85.0,6546.0,14325.0,126.0,239.0,0.32,0.57,0.48,0.91,每日瑜伽DailyYoga,[false],1
443,62615c5f0532440001998bc4,徐伯鲁,[false],3.0,456.0,1005.0,455.0,518.0,3.0,293.0,768.0,293.0,307.0,86.0,48.0,1916.0,4585.0,82.0,218.0,0.16,0.64,0.28,0.74,徐伯鲁,[false],2
444,55f01efa44f6fa9cbd981764,我就是那个Yang,[false],4.0,448.0,815.0,336.0,412.0,4.0,310.0,597.0,208.0,243.0,26.0,48.0,1442.0,3598.0,66.0,277.0,0.15,0.69,0.21,0.89,我就是那个Yang,[false],2
445,591d20ae387e281d311c293c,练食记,[false],2.0,436.0,858.0,266.0,300.0,2.0,328.0,706.0,177.0,191.0,36.0,38.0,1620.0,3662.0,95.0,263.0,0.12,0.75,0.29,0.8,练食记,[false],2
447,5c42984a462f1b7d6c8d89dd,爱瑜伽的Tina-Yoga,[false],10.0,428.0,976.0,298.0,335.0,10.0,236.0,689.0,119.0,125.0,20.0,47.0,1479.0,3824.0,77.0,213.0,0.2,0.55,0.33,0.9,爱瑜伽的Tina-Yoga,[false],1
448,5747996f41052fe155b97783,万小歪Nikkie,[false],5.0,424.0,536.0,383.0,420.0,5.0,225.0,312.0,188.0,191.0,24.0,11.0,2055.0,3644.0,34.0,193.0,0.05,0.53,0.15,0.86,万小歪Nikkie,[false],2
449,623a9dadd611d60001c0ef01,风趣幽默的微风吹眉颜,[false],34.0,416.0,594.0,406.0,486.0,29.0,328.0,430.0,320.0,346.0,39.0,13.0,2763.0,5733.0,40.0,247.0,0.04,0.79,0.12,0.75,风趣幽默的微风吹眉颜,[false],2
450,6230814e4012930001d6f76b,随和的奢望,[false],3.0,395.0,533.0,384.0,453.0,3.0,159.0,201.0,153.0,154.0,27.0,6.0,2013.0,3835.0,27.0,128.0,0.04,0.4,0.17,0.81,随和的奢望,[false],2
451,623a9daf57a9d60001df2ce1,慷慨的余生不走感情路,[false],20.0,392.0,560.0,380.0,446.0,20.0,264.0,381.0,258.0,284.0,45.0,14.0,2529.0,4970.0,46.0,221.0,0.05,0.67,0.17,0.84,慷慨的余生不走感情路,[false],2
452,55626b751ba0f4343456a03b,刘小平Allen,[false],5.0,387.0,565.0,337.0,365.0,5.0,171.0,297.0,131.0,144.0,13.0,15.0,1720.0,3383.0,27.0,149.0,0.09,0.44,0.16,0.87,刘小平Allen,[false],2
453,5ea53aa3d20f9c20ef62f87e,轻奢小课,[false],51.0,383.0,1940.0,192.0,458.0,47.0,275.0,1400.0,112.0,224.0,58.0,80.0,7660.0,18617.0,140.0,244.0,0.29,0.72,0.51,0.89,轻奢小课,[false],1
454,5e900f786fbc5661efdeb449,Keep节奏燃脂,[true],3.0,381.0,763.0,218.0,239.0,3.0,269.0,583.0,113.0,113.0,13.0,54.0,3767.0,6198.0,75.0,247.0,0.2,0.71,0.28,0.92,Keep节奏燃脂,[true],1
455,56f40fb9aa3f5d2a055f6e57,Quarter爱健身,[false],9.0,380.0,755.0,252.0,342.0,9.0,188.0,391.0,105.0,142.0,23.0,18.0,5113.0,11921.0,47.0,167.0,0.1,0.49,0.25,0.89,Quarter爱健身,[false],2
456,56735d7bc69ddd53b8a1b43f,粗线条大女人,[false],2.0,375.0,792.0,251.0,275.0,2.0,332.0,805.0,208.0,208.0,43.0,57.0,1615.0,3147.0,111.0,277.0,0.17,0.89,0.33,0.83,粗线条大女人,[false],1
457,621c47938c579b0001ac2ca0,喝咖啡的成熟稳重的小瓶盖,[false],9.0,351.0,570.0,342.0,471.0,9.0,194.0,317.0,186.0,252.0,18.0,5.0,1094.0,3157.0,17.0,151.0,0.03,0.55,0.09,0.78,喝咖啡的成熟稳重的小瓶盖,[false],2
458,5d38fdb0c73d803f726db480,Koach-Aurora,[false],5.0,346.0,428.0,308.0,334.0,5.0,79.0,133.0,58.0,61.0,11.0,6.0,1657.0,2997.0,18.0,66.0,0.08,0.23,0.23,0.84,Koach-Aurora,[false],2
460,59380a9a89f2d118183da0ed,lanmeng79,[false],4.0,332.0,862.0,209.0,233.0,4.0,252.0,758.0,141.0,142.0,31.0,45.0,1318.0,3262.0,92.0,223.0,0.18,0.76,0.37,0.88,lanmeng79,[false],1
461,5ae7f26e7511ce253ee8d585,欢小象,[false],1.0,331.0,640.0,262.0,289.0,1.0,245.0,496.0,188.0,188.0,44.0,20.0,1415.0,3457.0,68.0,169.0,0.08,0.74,0.28,0.69,欢小象,[false],2
462,57b988c5493303213edd22b7,FN撸铁小学生和左一,[false],8.0,326.0,676.0,257.0,291.0,7.0,182.0,479.0,121.0,125.0,27.0,32.0,1812.0,3608.0,57.0,164.0,0.18,0.56,0.31,0.9,FN撸铁小学生和左一,[false],1
463,601a8aab650b9c2bd6b43a3a,六六爱健身吖,[false],2.0,318.0,554.0,260.0,278.0,2.0,175.0,328.0,125.0,126.0,13.0,13.0,1040.0,2028.0,33.0,140.0,0.07,0.55,0.19,0.8,六六爱健身吖,[false],2
464,573c0be149eb01d505563446,Deeena,[false],5.0,315.0,523.0,202.0,219.0,5.0,185.0,364.0,96.0,105.0,15.0,23.0,1230.0,2356.0,52.0,159.0,0.12,0.59,0.28,0.86,Deeena,[false],2
465,623a9dcb7a2da10001b466d5,大方的風涼女子,[false],11.0,308.0,530.0,307.0,482.0,10.0,95.0,165.0,94.0,119.0,12.0,2.0,1138.0,3414.0,9.0,69.0,0.02,0.31,0.09,0.73,大方的風涼女子,[false],2
466,5b4e0e281cf3d16f2802f807,迟恺Chikai,[false],7.0,305.0,860.0,151.0,188.0,7.0,229.0,751.0,93.0,107.0,17.0,42.0,1461.0,3455.0,76.0,192.0,0.18,0.75,0.33,0.84,迟恺Chikai,[false],1
468,623a9ee559b00e00011b261a,爱运动爱撸铁,[false],3.0,303.0,387.0,303.0,327.0,3.0,155.0,204.0,155.0,155.0,31.0,13.0,1692.0,2978.0,31.0,126.0,0.08,0.51,0.2,0.81,爱运动爱撸铁,[false],2
469,623a9db04b9194000170718c,睿智的不喜欢何必死缠烂打,[false],16.0,293.0,389.0,289.0,335.0,14.0,185.0,237.0,182.0,185.0,27.0,5.0,1893.0,3378.0,29.0,151.0,0.03,0.63,0.16,0.82,睿智的不喜欢何必死缠烂打,[false],2
470,623a9db67a2da10001b46596,风趣幽默的相思入骨,[false],11.0,293.0,382.0,286.0,297.0,10.0,210.0,256.0,204.0,206.0,15.0,9.0,1022.0,1831.0,16.0,165.0,0.04,0.72,0.08,0.79,风趣幽默的相思入骨,[false],2
471,5b44d0aae666866a53805d89,笔立Fit,[false],1.0,291.0,699.0,125.0,148.0,1.0,276.0,728.0,125.0,125.0,31.0,46.0,783.0,2235.0,94.0,216.0,0.17,0.95,0.34,0.78,笔立Fit,[false],1
472,56c9bce21ffa1e263cf643d3,努力练翘臀的爱丽儿,[false],7.0,289.0,666.0,155.0,220.0,7.0,172.0,433.0,69.0,105.0,9.0,36.0,3467.0,7678.0,43.0,154.0,0.21,0.6,0.25,0.9,努力练翘臀的爱丽儿,[false],1
475,623a9ed7ca0ace00010ffce8,勤奋的浪世,[false],2.0,257.0,374.0,253.0,270.0,2.0,230.0,290.0,230.0,236.0,32.0,23.0,638.0,1187.0,32.0,150.0,0.1,0.89,0.14,0.65,勤奋的浪世,[false],2
477,569cf835b55798a02f80c31a,王小懒爱吃肉,[false],5.0,247.0,580.0,122.0,131.0,5.0,287.0,647.0,154.0,159.0,32.0,61.0,954.0,2239.0,102.0,254.0,0.21,1.16,0.36,0.89,王小懒爱吃肉,[false],1
478,5e5c90d2d20f9c4dddf47a3c,Koach-Freda帆帆,[false],4.0,245.0,366.0,211.0,231.0,4.0,95.0,176.0,68.0,71.0,11.0,4.0,1186.0,2154.0,23.0,68.0,0.04,0.39,0.24,0.72,Koach-Freda帆帆,[false],2
479,573053fa8e32601f4b42d878,人生就是乌鸦与喜鹊的二重唱,[false],3.0,239.0,442.0,176.0,208.0,3.0,234.0,486.0,159.0,161.0,27.0,27.0,1109.0,2161.0,61.0,169.0,0.12,0.98,0.26,0.72,人生就是乌鸦与喜鹊的二重唱,[false],2
480,61a6c430e560e80001803306,中国健美协会,[false],5.0,231.0,1826.0,231.0,454.0,5.0,184.0,1680.0,184.0,385.0,149.0,47.0,779.0,4307.0,51.0,120.0,0.26,0.8,0.28,0.65,中国健美协会,[false],1
481,5a7dae26e66686127446a3b7,ZeraJia,[false],1.0,221.0,484.0,33.0,34.0,1.0,213.0,464.0,28.0,28.0,3.0,92.0,751.0,1884.0,86.0,196.0,0.43,0.96,0.4,0.92,ZeraJia,[false],1
482,5b06e8d2fe6e4319cd3dcea8,Koach秦兰Queen,[false],6.0,205.0,328.0,150.0,172.0,6.0,121.0,207.0,71.0,77.0,8.0,16.0,922.0,1868.0,29.0,102.0,0.13,0.59,0.24,0.84,Koach秦兰Queen,[false],2
483,56815662672b8b753fcdddd1,健身甜心朵丽丝,[false],6.0,199.0,405.0,149.0,168.0,6.0,113.0,280.0,71.0,71.0,18.0,27.0,1250.0,2663.0,44.0,103.0,0.24,0.57,0.39,0.91,健身甜心朵丽丝,[false],1
484,5e7c6194b02f9a09f3d3c373,杨淼淼Yami,[false],7.0,188.0,279.0,146.0,164.0,7.0,84.0,142.0,57.0,62.0,7.0,7.0,812.0,1564.0,16.0,70.0,0.08,0.45,0.19,0.83,杨淼淼Yami,[false],2
485,623a9ed1258c930001e97586,百折不挠的孤久则惯,[false],2.0,186.0,218.0,186.0,201.0,2.0,139.0,161.0,139.0,143.0,10.0,41.0,1343.0,3203.0,10.0,91.0,0.29,0.75,0.07,0.65,百折不挠的孤久则惯,[false],2
486,5722e3adcb178a6202b6f061,Sara苏笑,[false],1.0,184.0,318.0,167.0,177.0,1.0,135.0,247.0,117.0,118.0,12.0,3.0,823.0,1448.0,19.0,106.0,0.02,0.73,0.14,0.79,Sara苏笑,[false],2
487,5fdad98290e13b48b40260b0,观心实验室,[false],28.0,183.0,1190.0,59.0,191.0,28.0,147.0,906.0,45.0,139.0,22.0,68.0,647.0,3382.0,57.0,132.0,0.46,0.8,0.39,0.9,观心实验室,[false],1
488,58a98c804933034fdd5c82bf,夏石花开i,[false],11.0,182.0,398.0,122.0,131.0,11.0,235.0,469.0,175.0,175.0,22.0,33.0,809.0,1706.0,58.0,168.0,0.14,1.29,0.25,0.71,夏石花开i,[false],2
489,623a9dae2bfd5a0001901855,乐观的七颜,[false],26.0,175.0,226.0,168.0,184.0,25.0,137.0,176.0,130.0,137.0,19.0,6.0,1450.0,2827.0,23.0,115.0,0.04,0.78,0.17,0.84,乐观的七颜,[false],2
490,623a9ed8d611d60001c0ff24,睿智的文质彬彬的相见不如怀念,[false],2.0,161.0,212.0,156.0,168.0,2.0,114.0,138.0,114.0,119.0,11.0,3.0,602.0,991.0,11.0,80.0,0.03,0.71,0.1,0.7,睿智的文质彬彬的相见不如怀念,[false],2
491,623a9ee37a2da10001b47605,成熟稳重的大叔呀,[false],5.0,157.0,187.0,157.0,165.0,5.0,85.0,105.0,85.0,88.0,8.0,11.0,1320.0,2314.0,8.0,70.0,0.13,0.54,0.09,0.82,成熟稳重的大叔呀,[false],2
492,56e443a81211b51505a11acd,Anson董祺,[false],4.0,155.0,279.0,102.0,114.0,4.0,104.0,204.0,54.0,54.0,9.0,21.0,607.0,1153.0,32.0,94.0,0.2,0.67,0.31,0.9,Anson董祺,[false],1
493,5583edf90a562b43c047776a,imserein柚子呦呦,[false],2.0,153.0,312.0,76.0,81.0,2.0,113.0,241.0,48.0,49.0,11.0,17.0,785.0,1798.0,35.0,79.0,0.15,0.74,0.31,0.7,imserein柚子呦呦,[false],2
495,5a015aeb1cf3d178fd14be02,linda重新来,[false],8.0,150.0,407.0,105.0,118.0,7.0,186.0,460.0,145.0,145.0,26.0,20.0,696.0,1462.0,48.0,145.0,0.11,1.24,0.26,0.78,linda重新来,[false],2
496,5502ae47ab2c7c5b30ede09e,麻豆楠姐,[false],1.0,146.0,354.0,112.0,117.0,1.0,108.0,251.0,83.0,83.0,15.0,10.0,380.0,886.0,28.0,95.0,0.09,0.74,0.26,0.88,麻豆楠姐,[false],2
497,57792244052b084805662a55,诗诗的跑步日记,[false],3.0,144.0,331.0,106.0,126.0,3.0,92.0,257.0,55.0,57.0,12.0,25.0,709.0,1691.0,35.0,84.0,0.27,0.64,0.38,0.91,诗诗的跑步日记,[false],1
499,5c84a7357511ce17b2bb9134,运动员黄子文,[false],2.0,136.0,147.0,136.0,145.0,1.0,35.0,36.0,35.0,35.0,1.0,0.0,717.0,1386.0,1.0,28.0,0.0,0.26,0.03,0.8,运动员黄子文,[false],2
501,56cc8614e7d0d02005c6f556,Sherry002呀,[false],4.0,135.0,244.0,98.0,117.0,4.0,91.0,171.0,53.0,58.0,8.0,16.0,697.0,1432.0,21.0,81.0,0.18,0.67,0.23,0.89,Sherry002呀,[false],2
502,57c01b2364d328a8526344ec,俊那个逸,[false],3.0,134.0,159.0,134.0,147.0,3.0,117.0,133.0,117.0,123.0,9.0,3.0,898.0,1686.0,9.0,76.0,0.03,0.87,0.08,0.65,俊那个逸,[false],2
503,5ada78147511ce594a2a5c21,边赛远,[false],1.0,132.0,388.0,114.0,186.0,1.0,60.0,243.0,42.0,61.0,14.0,11.0,1459.0,3478.0,28.0,51.0,0.18,0.45,0.47,0.85,边赛远,[false],1
504,5f02c9fa2bc2367f97f986f9,小李茜POP,[false],1.0,127.0,218.0,109.0,113.0,1.0,76.0,142.0,58.0,58.0,8.0,14.0,361.0,694.0,16.0,48.0,0.18,0.6,0.21,0.63,小李茜POP,[false],2
507,579c1af24be7a57706be3162,Koach-Coco,[false],3.0,120.0,238.0,82.0,97.0,1.0,64.0,155.0,40.0,40.0,8.0,11.0,711.0,1241.0,18.0,51.0,0.17,0.53,0.28,0.8,Koach-Coco,[false],2
508,623a9ed8e261b900018e6958,风趣幽默的旧街凉风,[false],1.0,117.0,139.0,117.0,129.0,1.0,93.0,100.0,93.0,93.0,6.0,14.0,1354.0,2605.0,6.0,58.0,0.15,0.79,0.06,0.62,风趣幽默的旧街凉风,[false],2
509,57b2ee7e48cdf09e07b58813,Koach冰糖汪,[false],16.0,117.0,168.0,50.0,53.0,1.0,46.0,70.0,12.0,12.0,2.0,12.0,559.0,1076.0,15.0,38.0,0.26,0.39,0.33,0.83,Koach冰糖汪,[false],1
510,623a9ee4eb4bb10001af6ca5,可爱的蛋酥软妹,[false],6.0,111.0,126.0,111.0,124.0,6.0,52.0,59.0,52.0,57.0,2.0,2.0,934.0,1529.0,2.0,37.0,0.04,0.47,0.04,0.71,可爱的蛋酥软妹,[false],2
511,5795c5db27d7893b052baebe,鉴霖-Lee,[false],1.0,109.0,209.0,72.0,79.0,1.0,78.0,160.0,46.0,46.0,8.0,13.0,413.0,871.0,19.0,63.0,0.17,0.72,0.24,0.81,鉴霖-Lee,[false],2
512,623a9db6e261b900018e5a19,内向的月盈则亏,[false],17.0,107.0,133.0,106.0,127.0,14.0,64.0,90.0,62.0,72.0,5.0,2.0,858.0,1927.0,5.0,49.0,0.03,0.6,0.08,0.77,内向的月盈则亏,[false],2
513,5ab48ee61cf3d1657266fa37,_Janekim_,[false],1.0,105.0,171.0,98.0,121.0,1.0,22.0,54.0,16.0,19.0,4.0,5.0,3642.0,6354.0,6.0,21.0,0.23,0.21,0.27,0.95,_Janekim_,[false],1
514,623a9db559b00e00011b15e4,直率的花溪信马,[false],4.0,100.0,135.0,98.0,113.0,4.0,57.0,81.0,56.0,61.0,8.0,0.0,402.0,944.0,8.0,40.0,0.0,0.57,0.14,0.7,直率的花溪信马,[false],2
515,5d3156f9b52fab0ccee12d56,Jenniing,[false],3.0,98.0,171.0,74.0,76.0,3.0,68.0,133.0,43.0,43.0,8.0,8.0,509.0,919.0,17.0,57.0,0.12,0.69,0.25,0.84,Jenniing,[false],2
516,59a026e4094afb50e5cd0af8,亚小男呀_,[false],1.0,96.0,218.0,60.0,65.0,1.0,79.0,186.0,42.0,42.0,10.0,13.0,302.0,678.0,33.0,72.0,0.16,0.82,0.42,0.91,亚小男呀_,[false],1
518,5a35b82e7511ce733457eda6,瑜伽小仙女呀,[false],1.0,87.0,318.0,51.0,58.0,1.0,79.0,268.0,48.0,48.0,12.0,8.0,214.0,644.0,35.0,57.0,0.1,0.91,0.44,0.72,瑜伽小仙女呀,[false],2
520,593a95ff31f116222fb06fac,佳音女,[false],2.0,81.0,236.0,52.0,57.0,2.0,43.0,173.0,20.0,20.0,4.0,10.0,318.0,750.0,22.0,40.0,0.23,0.53,0.51,0.93,佳音女,[false],1
521,5b7188bfe666867f4a94c2d9,阿七教你瘦,[false],6.0,75.0,394.0,43.0,85.0,5.0,50.0,270.0,15.0,25.0,8.0,17.0,268.0,1926.0,35.0,41.0,0.34,0.67,0.7,0.82,阿七教你瘦,[false],1
523,56e03784346d5a1205c09712,老兵69,[false],2.0,69.0,121.0,54.0,56.0,2.0,40.0,86.0,24.0,25.0,6.0,8.0,407.0,825.0,15.0,32.0,0.2,0.58,0.38,0.8,老兵69,[false],1
524,560a88d664d2c2d8f71f0cd6,Lynn仔在这儿,[false],2.0,67.0,98.0,55.0,58.0,2.0,26.0,72.0,17.0,17.0,2.0,4.0,443.0,767.0,5.0,24.0,0.15,0.39,0.19,0.92,Lynn仔在这儿,[false],2
525,565f0f15e104bb3f053c82e6,何尧Feynman,[false],1.0,67.0,81.0,53.0,56.0,1.0,32.0,40.0,26.0,26.0,1.0,2.0,228.0,387.0,3.0,27.0,0.06,0.48,0.09,0.84,何尧Feynman,[false],2
526,623a9da67f3874000182a2b0,侠义的♚如初i,[false],1.0,66.0,120.0,58.0,70.0,1.0,32.0,60.0,25.0,25.0,11.0,8.0,363.0,864.0,15.0,30.0,0.25,0.48,0.47,0.94,侠义的♚如初i,[false],1
527,5ebc9892b52fab3e4d17734e,芭蕾王子Julian,[false],14.0,63.0,228.0,25.0,59.0,14.0,48.0,159.0,21.0,46.0,4.0,9.0,518.0,1979.0,12.0,43.0,0.19,0.76,0.25,0.9,芭蕾王子Julian,[false],2
528,5e86b4dd790b9317667e257f,十点课堂,[false],29.0,62.0,486.0,19.0,46.0,22.0,42.0,375.0,11.0,27.0,6.0,16.0,597.0,1990.0,25.0,36.0,0.38,0.68,0.6,0.86,十点课堂,[false],1
529,57d197cd4933031ef452a8be,孕产小9,[false],20.0,58.0,229.0,22.0,73.0,20.0,35.0,125.0,17.0,43.0,5.0,7.0,580.0,2113.0,10.0,30.0,0.2,0.6,0.29,0.86,孕产小9,[false],1
530,5f97fdc7d9e7c4253a468557,James赵健康,[false],5.0,56.0,153.0,36.0,65.0,5.0,39.0,94.0,26.0,43.0,5.0,6.0,703.0,1422.0,6.0,25.0,0.15,0.7,0.15,0.64,James赵健康,[false],2
531,5537e7593eeaae0a095b1be7,PEIYUE佩悦,[false],2.0,54.0,124.0,35.0,38.0,2.0,38.0,104.0,21.0,21.0,3.0,4.0,323.0,801.0,11.0,37.0,0.11,0.7,0.29,0.97,PEIYUE佩悦,[false],2
532,55d31d83792f888e81c37484,Lynnlinmm,[false],1.0,49.0,57.0,36.0,38.0,1.0,36.0,41.0,24.0,24.0,2.0,4.0,279.0,458.0,3.0,31.0,0.11,0.73,0.08,0.86,Lynnlinmm,[false],2
534,56c53488a4af7fe26bbb71c2,抹茶小朵,[false],1.0,48.0,110.0,29.0,35.0,1.0,32.0,78.0,15.0,15.0,4.0,8.0,257.0,689.0,14.0,28.0,0.25,0.67,0.44,0.88,抹茶小朵,[false],1
535,5e5f8de5b02f9a19bd4faa55,随缘瑜伽小课堂,[false],1.0,42.0,60.0,29.0,30.0,1.0,26.0,41.0,17.0,17.0,1.0,3.0,157.0,295.0,4.0,23.0,0.12,0.62,0.15,0.88,随缘瑜伽小课堂,[false],2
538,56caf9c00513dd220531a651,Angelica杜杜,[false],1.0,33.0,39.0,23.0,27.0,1.0,34.0,43.0,26.0,26.0,1.0,3.0,187.0,300.0,4.0,28.0,0.09,1.03,0.12,0.82,Angelica杜杜,[false],2
541,5ac7924de666864ca1e2e299,ZIRUYIN-跟佩丝健身,[false],1.0,32.0,36.0,28.0,32.0,1.0,31.0,36.0,24.0,24.0,2.0,1.0,122.0,237.0,3.0,26.0,0.03,0.97,0.1,0.84,ZIRUYIN-跟佩丝健身,[false],2
544,6195bd2514bfcd286c52f603,白山山_Shanshan,[false],1.0,27.0,39.0,27.0,30.0,1.0,12.0,21.0,12.0,12.0,2.0,1.0,187.0,314.0,2.0,7.0,0.08,0.44,0.17,0.58,白山山_Shanshan,[false],2
546,6052a92ba78eee41a7263e88,Paris-叶子,[false],1.0,25.0,42.0,21.0,24.0,1.0,23.0,43.0,20.0,20.0,5.0,4.0,252.0,428.0,7.0,21.0,0.17,0.92,0.3,0.91,Paris-叶子,[false],2
547,56df8c35e48fcbd4579bbc4d,五花大绑的五花肉,[false],3.0,24.0,96.0,8.0,9.0,2.0,14.0,69.0,2.0,2.0,1.0,6.0,54.0,205.0,9.0,11.0,0.43,0.58,0.64,0.79,五花大绑的五花肉,[false],1
548,624162d0c2fa8b000172c193,FILA_斐乐,[false],1.0,23.0,26.0,23.0,25.0,1.0,12.0,13.0,12.0,12.0,1.0,1.0,294.0,470.0,1.0,12.0,0.08,0.52,0.08,1.0,FILA_斐乐,[false],2
551,5e09f45cd20f9c6f30d407b7,关注小天同学,[false],9.0,19.0,40.0,0.0,0.0,5.0,47.0,275.0,34.0,48.0,21.0,13.0,48.0,118.0,19.0,5.0,0.28,2.47,0.4,0.11,关注小天同学,[false],1
552,5b87bc657511ce13dba5eaf7,壹心理学堂,[false],1.0,17.0,81.0,10.0,30.0,1.0,13.0,44.0,8.0,15.0,5.0,4.0,107.0,1200.0,6.0,10.0,0.31,0.76,0.46,0.77,壹心理学堂,[false],1
553,560dc3b0b6dd35f772ef28dc,金紫亦,[false],1.0,16.0,79.0,10.0,25.0,1.0,9.0,43.0,3.0,9.0,2.0,2.0,72.0,405.0,5.0,8.0,0.22,0.56,0.56,0.89,金紫亦,[false],1
555,56cd0d400b63c2d81ba64436,覃迷瞪,[true],1.0,15.0,49.0,4.0,4.0,1.0,12.0,45.0,3.0,3.0,1.0,4.0,65.0,151.0,7.0,11.0,0.33,0.8,0.58,0.92,覃迷瞪,[true],1
556,5538ddeb4e26423463bde7bd,暴走小姐,[false],1.0,12.0,39.0,10.0,10.0,1.0,7.0,33.0,5.0,5.0,2.0,2.0,112.0,207.0,4.0,7.0,0.29,0.58,0.57,1.0,暴走小姐,[false],1
562,5af2b30c7511ce46adaf5012,JenniferMore,[false],1.0,8.0,22.0,6.0,10.0,1.0,5.0,15.0,4.0,5.0,1.0,1.0,60.0,169.0,2.0,3.0,0.2,0.63,0.4,0.6,JenniferMore,[false],1
563,5bbd2930e666862f7dc39c7e,SBODY运动研究室,[false],2.0,7.0,40.0,4.0,5.0,2.0,6.0,37.0,1.0,2.0,1.0,3.0,70.0,200.0,5.0,6.0,0.5,0.86,0.83,1.0,SBODY运动研究室,[false],1
568,5a6b52a11cf3d11ede9baf1b,Ibuki_Imata,[false],2.0,6.0,39.0,4.0,23.0,2.0,5.0,17.0,4.0,9.0,2.0,1.0,26.0,122.0,2.0,5.0,0.2,0.83,0.4,1.0,Ibuki_Imata,[false],1
