创作者ID,创作者名称,0,1,2,3,4,5
5e900e47b52fab25b7214433,减脂塑形中的Keep君,3.178778471678166,1.504495599931339,-0.04404626606270156,-0.07689079267208505,0.044752868704859686,0.09513084018237655
5f0fc67f650b9c74c0c09e9d,帕梅拉_PamelaReif,2.953186794991355,1.3591841295964708,-0.3763379594904793,-0.16154514941451945,0.1791700958098808,-0.03440631795922491
5588c6cbb7d3f7ee66a50bb0,Keep_课程,1.8641589311231799,0.7272490220254876,0.1230644882276331,0.04038005232254821,-0.03294149995960128,0.10442057246734543
57bae2760a64ee6335f9a80e,爱跑步的Keep君,1.6727983635584927,0.45736422648324937,-0.2716405896465159,-0.00021212935005646784,0.09382126821441025,0.00960544071217284
5f046d6ad523e91a22fb9c58,韩小四AprilHan,1.4149142554613958,0.4501315225874293,-0.2999159208164004,-0.08593809390824725,0.04044631087791089,-0.0909505081312669
55e25ecd46fcd1542d79335f,孵小蛋Sophia,0.831585827976534,0.5154175608305427,-0.18223962636242053,0.012900410640997402,-0.028062726402398708,-0.09306244466791234
5e900ef2b52fab25b7219384,增肌中的Keep君,0.9317712907655573,0.019154437079275707,-0.1606326154023035,0.029856127445264242,0.08292300059900104,-0.04552185021224023
56cfe665af1acaf20330c4f7,语姐姐,0.6608813150206015,0.22347640017926407,-0.032168164612477776,0.018907762832576037,-0.051806934540763266,-0.028389899743223222
57a31cbf0d67f923059a5a83,周六野Zoey,0.6403179376171216,0.13414530324700039,0.007364674310953682,0.014747367481001007,-0.04957977456556258,0.023192408768777848
6051ae7da78eee41a7fd5de6,挺住别胖啊,0.8029530952997397,-0.012528382491995808,0.2777771622237682,0.054920418588925386,-0.08526668973782346,0.1338088156710583
5abcb4ebe666864ca1d33e40,im斯文姐,0.3979158069989627,0.11589166942991831,-0.05565104478024534,-0.009308126786300277,-0.03912722253658224,-0.03062386090880232
623a9d97eaf6fb00010ecb21,慷慨的觅眸,0.2304955477839213,0.4428313933796791,-0.10728222330132141,-0.015273554048836934,-0.22475023929420918,-0.15726921044537195
5701fc7bbdd5b65b71140b7c,Koach-Punk,0.33296585986204813,0.2948172369633332,0.16506727538510216,0.06603992913202213,-0.07281845173891247,-0.15410467461384156
57d12cc931f11615833b6e47,全家桶你造嘛,0.6336201504023348,-0.15814204541830337,-0.07548825351549274,0.010364406061648878,-0.05117681186119818,-0.030676448961542015
557cdbcabf13604068ae6a76,安安小雨_,0.5193501460054064,-0.05449054517558949,0.18719842274550771,0.04174648254300902,-0.07416023982067287,0.005940001507122687
5f113f85650b9c74c032a67b,欧阳春晓Aurora,0.5679210343858793,-0.23732131643537052,-0.07249579913417085,0.012463705266931396,-0.1203325285835907,-0.05277716540947764
57c3c043493303162d569d8c,Jessie六六要自律,0.3200077093285774,0.08137515238488824,-0.02016606676293438,0.013128724289130199,-0.038130838670376345,-0.0055264842606780685
5cc9bcd6d20f9c47d9f6cdc8,猫叔慢跑,0.43543667487778276,-0.011995260586920199,0.10172526249213183,0.05698273297604485,-0.06366080678027564,-0.030726778147119063
623a9da884307c0001bf2489,气质超好的大方的素颜,0.21803445511345348,0.2349949789192375,-0.05380903034776793,0.12202050462127312,0.01468727122169993,-0.012658945710326613
5638c42178f2402305feee70,男人要活出你的霸气,0.27800985470048495,0.0456440967020107,0.04388770871607019,0.024308278081795476,-0.06935720090938978,-0.053250011906262266
57209de54714702202cd6705,Koach团子,0.26677294727435824,0.2472037435871664,0.8394235892607389,0.1472893077623001,-0.05879445306290476,-0.11734628311530676
5783b1828ea21744059ecc96,点滴斯诺,-0.0038425780094497974,0.33599682882777787,-0.03554731160929566,-0.14072612908156942,-0.13143125825376495,-0.04925999032106107
5e9001a8d20f9c0d2ab7bcdc,练瑜伽的Keep君,0.37511233972953445,-0.19980060270737193,0.07350820970954665,0.09426348366520866,0.07199463340322457,0.0633908033667853
62207f878b21f80001b76321,伴你入睡的 Keep 君,0.4354720471497438,-0.23033457685043812,0.06708001736967402,0.13153480585845093,-0.008797042442814321,0.034447787905492876
56fde40b5bc83f494b2d9733,向安茜,0.17398301505763747,0.020807067859467038,-0.02623026260269037,-0.05363495173823101,-0.13679290852094061,-0.047009627540362024
56d16ad982ecf1ab7a9227fd,Ternura刘建,0.25099738223107804,-0.08422823462768052,-0.01592919385538183,0.023358323302405157,0.0039327951138636566,-0.035355436681742625
5a39dd651cf3d1376437a27f,赵没力,0.3266075606782887,-0.09119774807191997,0.28633396235216846,0.07423317466424467,0.009589450644559194,0.033012604964809976
5690afe91c705473183af9d6,Jay潘潘,0.14900030622626956,0.0369753949472156,-0.07273906391109901,0.03660341089121098,-0.08399652809646303,-0.058429886213414585
5e9001e06fbc5661efd8e3ea,跳操跳舞的Keep君,0.2101302216291676,-0.06579290527434316,0.01554738232531243,0.01661418506298635,-0.024584184583006766,0.007588049943192401
5e900f0c790b93014b25baf2,修炼体态的Keep君 ,0.17522923434982443,-0.05544573384519792,-0.09564687752770415,0.04898076518183897,-0.03896312926719576,-0.05332887825233687
5a839775e66686127449fc21,古月子辰,0.13994570648685298,0.0791677847040497,0.08546981934357246,0.021055815043674004,-0.08802420982427175,0.019269071519582105
57028cca6cd4753005d9bfba,Derek大骏,0.19166961919692174,-0.02744701250459171,0.08393503021367713,0.031924410325132546,-0.03934860184355188,-0.005142786775860765
621c475c710fa300018b2b99,月球上的温柔少女心,0.13939484874254976,0.04002707110768989,0.008696639030228638,0.02748762929567646,-0.08702364913611726,-0.01656030070957221
59ef0d871cf3d14e9edafe81,Koach-Jonathan乔纳森,0.2712839771349541,-0.27008937673524586,-0.04818653108145159,-0.002197075364005132,-0.022715477851355893,-0.0011940753542149887
56492e6cec3142e6c7cbae03,魔力桃桃,0.09996755844961182,0.08816454805137623,0.12179569187911851,0.0719097945035385,-0.028698306409071537,0.029695037528389923
5cdad45fd20f9c3a8e4d4118,爱健身的较真万,0.12103813584526547,-0.07402755377358959,-0.06365154551210737,-0.010246187249977563,-0.03783115124787595,-0.06946670127061834
5808852d4933031fb0924942,miss朱zhu,0.08730378612703492,0.0015085531073126867,-0.051392766944452474,0.03145076556740577,-0.020944802334229903,-0.021170903142932844
559d1eebac29b6b694a5e46f,楚仔Charlotte,0.1214280049265421,-0.060705827716664655,0.017948553071778506,0.006683254525461654,-0.053806400836467226,0.0074231122669570285
56aede59da2e4c2838799e7e,闫帅奇,0.09929588699220027,-0.04308443813260574,-0.028601435312500353,0.03179439196440987,-0.008685547316577474,-0.033755284469833335
5a2e43c51cf3d162335f5fe5,周政廷,0.1905982813571776,-0.14909593526727466,0.04586614791700567,0.018208859301797765,0.016259597832929438,0.04476806697860446
5e4124ce6fbc567d16ffa527,八一师傅,0.15343253510061636,-0.1490527779763311,-0.05446468074431875,0.006678207372190188,0.007584241195403349,-0.03674363928950149
571da97a3a8fdb88019c021b,MissCC就是我鸭,0.10258227036213692,-0.08092611230339201,-0.08441809919870526,0.026262075876550016,-0.07025983472262594,-0.08591491304582975
58880ea2387e283039554eb0,Nne-,0.00912367825050984,0.12199286929046417,0.015306677321936368,0.05684327806544023,-0.09879065679894863,-0.04193157701870548
5e6a31dab52fab635d5d1cb4,芥末味小丸子,0.030073500895982232,0.052751638029938944,-0.036169380796054244,0.03355774747591058,-0.0925822661927873,-0.014740767616419272
5c00d94a1cf3d16cc070447b,EmiWong_王艾米,0.04666036091985786,0.05865697484671604,0.0990287333860355,0.04751298211962369,-0.08287876362419407,0.022562368113825663
623a9d3deaf6fb00010ec663,勤奋的不浪漫罪名,-0.08755394941295407,0.22254062522670703,0.017430692598446245,0.027394216390483266,-0.05747262786169334,0.021142752319190137
5506c982d104a6c9311cd7a1,Koach大婷婷,0.1076066460441356,0.06853144582019022,0.5599937773155728,0.10030654456546663,-0.06642546684388677,-0.1187142309993706
623a9dcdd611d60001c0f0b2,爱地球的坚强的该用户已成仙,-0.11952757436092083,0.2539795639377539,-0.07758609078953098,0.05290809205137964,-0.21174912651237376,-0.08077883875272993
56c9a197d303c32105b46b9e,白鹳yoga,0.06056467439319285,-0.055132363343241717,-0.025373689925122733,0.09662273391794148,-0.013573272992904643,-0.02264680404175526
5e900fcc6fbc5661efded8a9,Keep热汗瑜伽,0.14281279572202707,-0.10524979235647441,0.07169273683596702,0.014565214255416223,-0.011066484981463745,0.07921324476496049
616693a9edd76c0291366003,嗨皮燃脂,0.06623734335325056,-0.03099839674215645,-0.022271518527143305,-0.08272040319740874,-0.12039150577044425,-0.009818673218359221
56eea9715a9ef22e05b551ce,Koach-Jojo,0.12066209410094833,0.08402215444017792,0.7156808245098658,0.09592336344065872,-0.04741155608874587,-0.04216392584370922
623a9d6839df450001204df4,浪漫的梦想无需昭告天下。,-0.1363036668826851,0.28168980695050616,0.011577151415078818,0.15366610893114369,-0.01622073986293476,0.01247439612241421
54bf30dd9eb5cd2c4c90be46,Keep,0.2734820416269452,-0.26049170677904837,0.12474909561020103,0.25388344357033954,-0.1561823524965427,0.09810839396825066
5e74946f6fbc56402e7af737,ZumbaxKeep_官方合作,0.1698904315296841,-0.2762125209980386,-0.0458927957598871,-0.03501593023398239,0.024620610200363612,-0.016922535608310366
61c18d1fa7f80e0001766dc4,美丽芭蕾 X Keep 官方合作,0.17200424118840382,-0.24733355016162298,-0.04248084592982109,-0.03275172418571563,-0.10819329813220405,-0.047805535319665436
621c475b39b2dd0001a10e47,空城仅有旧梦在,0.0030343615590580366,0.03347007681398824,0.00949730230281632,0.0180401489914875,-0.04682065872728596,-0.043596799966079104
5bf2cf41fe6e4348fb5265b3,黑妞福大玥,-0.0005420260540715868,-0.008308997153956074,-0.016664187035502414,-0.04900667982765055,-0.0004984639915278657,-0.05312607291273144
5dc28fc2b52fab4eb10764bf,瘦身女王郑多燕,0.1658374103039702,-0.25474370747244623,-0.06287250618330097,-0.027721400541423073,-0.07227775770992162,-0.06604255305890426
5d6e7ee5b52fab2e94a80304,Koach-Vivi,0.23939591410640565,-0.07381818635357311,0.8425801987411528,0.11370001437260616,0.014348954038009619,-0.01937042625074138
58f8a37f8c26a3632ac9ce78,王小宅Joye,0.0255051579247278,-0.0650415327727131,-0.07500980903207607,-0.01076978215853914,-0.060294058288892845,-0.058661630544882236
56e8b33ee10e55ed62b7ef69,大越越moon,0.040758200893256886,-0.041449638040414356,-0.01439608792409633,-0.004405753284476948,-0.13486974340518434,-0.005890594551905094
626667fe2fce7700013bb273,励娜Lina,-0.08172781340816672,0.09974651073001646,-0.0403390586183294,-0.11236129502938899,-0.04848384318804445,-0.018078209331088932
587bcc6c31f1160acb2feada,Holisticfit_Cece,0.14873910950118882,-0.203842101010224,-0.0029300225275659545,0.021966878274375608,-0.076433730329576,0.018616752938807907
56e6617ec262fdf346ffd9d3,罗洪Ric,0.22603994880792574,-0.3145358725482346,0.02598150801240112,0.0396710560326965,-0.006032421783608441,0.05673756490036891
623a9d9539df4500012050ba,敏捷的女人╮活得坚强些,-0.1687099583342895,0.3118735695297518,0.03292827900560723,0.14394395508954894,-0.028468430480805815,0.029238655690132623
57ec80e331f1160ba7e19da8,Koach-Fiona,-0.024287042222379658,0.10163558837322062,0.2689470854279088,-0.024338829014355547,-0.054599029694436405,-0.1729202339861728
59e88b827511ce4e24ee6d6f,Mr彦Alex,0.07562462822421953,0.10605318590862435,0.4588535215775155,0.11294291843657057,-0.08283098188420047,0.15302413716917904
55edf12db744bee9c6245488,佳宝_JIABAO,0.036760781372120015,-0.0447875709353247,-0.01544207767623836,0.010389736324050025,-0.04606365122008662,0.027428287148172248
565328ae46be44e04bd0845f,Leon家庭健身,0.12795161424084156,-0.22357151424211166,-0.058650480605888344,-0.0030998032100897966,-0.002996753771548469,0.009204177747345768
55bce79ce188b7ebac88506b,奥博朗AllblancTV,0.12647367880021174,-0.11006614861896563,0.16503539714015786,0.05753021923998557,-0.04836610747471219,0.06682134102399091
5752daf68f3e26c41e987b8a,晓勒小乐笑了xjbl,0.2037465371494351,-0.342167138478399,-0.0868705367068164,0.04664134508427168,0.0016544126684720883,-0.012613007652505344
56d068cf7efda849070dcf52,猫有力39,-0.07778188091941693,0.13114160149523996,0.008885305116518225,0.10660562674198029,0.01371811608923875,-0.07890850132698232
6258e298fe9ada0001aaee80,growwithjo,0.19024904360553832,-0.25213443245857736,0.06243631781268164,0.001977682369290582,0.08934395020629002,0.10201600780308111
5b685c967511ce3080e7e2f8,K-小咪,0.01782823182541619,-0.025067027619029125,0.022971700639933205,0.01024681847549577,-0.07098819569217543,0.004173190608621223
623a9d3c57a9d60001df267d,简单的时光不染回忆不淡,-0.13658595020135617,0.2135419882736163,0.024988545918797067,0.0065939964265093985,-0.06176650897151799,0.033588945843724176
5d9deb1fa2d5fc1909a4de8c,我是上雅,0.06171281981166366,-0.1369874546826462,-0.06933731283108976,-0.014472494700818218,-0.0699834437184252,-0.0524426302801425
54fe6e5c944fd9ce2dafc97a,__Erik,0.09202953194036663,-0.15222178510104534,-0.014681026256194319,0.03463534770364423,-0.02973778186868552,-0.02873719741684914
60a71da3ad076b6a2e2212ce,又见一莲幽梦,0.09750330100761648,-0.1586391798845671,-0.039356803989937426,0.06464145820959095,-0.03856576621503625,-0.059288547582510565
5e900fa6d20f9c0d2abdbcec,Keep_气质芭蕾,0.2425987281280298,-0.32985185824048247,0.06609995665085053,0.08163147004147853,-0.017238175184867265,0.06484992646574825
623a973b7f387400018255da,Keep_燃脂派对,0.06512063397808968,-0.12935446683838744,-0.04371048762370091,-0.055283824400560386,0.015199113822422798,0.057852495106342945
5821ab7a31f1164ac4d0e009,Koach潇潇,0.03428739045480075,-0.00021326465562467232,0.4675614176590112,-0.12057369896887747,0.05442627578451198,-0.07859990818323806
5d8c43e8a2d5fc55edcae9a1,荔枝_LizZ,-0.08337066369402774,0.0991220013672223,0.00760508198291487,-0.05096536166311906,-0.10477588116808711,-0.0045142924516007555
5fdac82fd523e9130551dfbc,跟鹅练瑜伽,0.14539045707602635,-0.2709500480179838,-0.02339746760171342,0.033223512603176214,0.10654511504699471,0.06853208018715272
5689b5f4b4f5dbfc6786b788,凯琳KatherineW,-0.039957985087745444,0.029682588834926492,-0.018329691841275825,0.006169662589084404,-0.06517022177765318,0.0070920334343249555
621c475c4ab54e0001082620,只为守护你ペ,-0.08834761740634946,0.08722168299208195,-0.0225084633463656,0.02719043436033973,0.02547779925633306,-0.07070129672489839
586c427d4933033638dd0f87,SarahTan谭,0.04132990286683386,-0.052413637311678286,0.0829886818356879,0.0387603114840558,-0.022893623812781407,0.10085611049941527
55c81fb4e75f32c6fe8e4848,Daner-雨佳,-0.051778769436814594,0.047477264416383204,-0.014306476551992253,0.02367684537033627,-0.06679833191650039,-0.017012358298441787
5e90034d790b93014b20a31e,跑步机上的Keep君,0.30844876292877105,-0.5249199123212086,-8.446190587468752e-05,-0.00652913179449339,0.08198535033482836,-0.06203216055602779
5c6212008c79421ca62c0f70,金达达要逆袭,-0.2069847601834172,0.26629518336617347,-0.019800707613784895,-0.05552060091539702,-0.09516931452987812,0.01629923072966085
5b7b7e7888bfd2edf8110a23,Keep_会员,0.33836029717894917,-0.07112076027370812,0.9960549906905168,0.2504391353608822,-0.3448583472267663,0.3944514692685524
5867b8de4933032f5ea637a2,小甜筒妈妈,-0.11967994995522535,0.12113593980032167,-0.045154875470101524,0.0025001148552386914,-0.08098298670950942,-0.05853921718213655
578903b0ba248528054cf588,扶我起来我还能跳呀,0.1444292388792681,-0.304246409624917,-0.06795227471151076,-0.013844975110727442,0.0008751983406700621,-0.003492314369206366
56a7724f6025f2d8474656d7,Koach新宇,0.15096365101659653,-0.13170246970264643,0.5106892427941055,0.013765503572296188,-0.004742435568287836,-0.10268161104575833
603c9871f16ec76047648068,小马哥Marshall,0.150932985635642,-0.15894490697806832,0.23667577718229388,0.06160567305909188,-0.006591244291434248,0.1240454764452229
623a9d698b9958000140567a,内向的只是、追念,-0.1710373256493409,0.2252244728814152,-0.012890803476255356,0.02796728941639774,-0.08778596331296673,0.008464279860030635
5944f72215e66e0cbfb1fedf,哩哩Lilyy,0.05216027508691725,-0.1581730621481436,-0.07090263327237362,0.030261672329602668,0.01676099479408875,0.016941899384893176
623a9d71d611d60001c0ebe7,开朗的心若向阳，无畏悲伤,-0.06505393308418429,0.06919437230012,0.005798613516220666,0.03860049118466298,-0.05020927742782622,0.02781185392320746
623a9dcc84307c0001bf26c5,温柔的东北女汉子,-0.1239022265620488,0.15750160960872553,-0.014015402233923436,0.02673496673217364,-0.1055410769958792,0.026641115034756125
58312b3c493303326fa7577e,唐晓文Remeidios,0.10806513360809582,-0.2260862017020388,-0.005268251444204629,-0.053055991202693525,0.014132961027984382,0.03196732677982132
623a9d9657a9d60001df2b52,活泼的追着太阳跑…¤,-0.20971632997827938,0.2838450633922369,-0.024181283675438533,0.12263732766723702,-0.02023611793076649,0.026155628363722157
57825913fb56673c05f236a0,Rain小尼,0.12825719464442537,-0.27532060205251435,-0.05878079783991325,0.001911703929482859,0.02718545089892971,0.044186014823596485
623a9d967f3874000182a1bf,慷慨的风雨兼程,-0.0066338996014314155,-0.01815853064491628,-0.02937285283687311,0.3394792363770026,0.2653173468791922,-0.043149371256821084
60ae04ddd9e7c43cc7f6f033,Keep 冠军教练,0.0763899826821395,-0.19815116112579456,-0.044299931204428315,-0.0350795523268844,0.01322241268816294,-0.014014500113684302
5691c5566df4dce91da8caad,曼巴yelomamba,-0.011083502931808577,-0.05690389538005001,-0.054931910397439866,-0.009417258808008828,-0.04029749363091278,-0.11374647322651746
5eec3b96b52fab500a26321c,Koach-Bingo,-0.13614357309796463,0.14053191153155253,0.1689896038309247,-0.1884867972787991,0.08531589370042787,-0.07419665718078762
56bebb8d3eeab6973dbc0645,小贱水,0.12405898252314725,-0.23716308328240407,0.011395945633861105,0.01956392593864789,0.0031439391553285483,0.0323439209890302
5663edb59b4a177e576e6dad,Koach亚如,-0.1780666765792096,0.18896546878076273,0.11668625581748769,-0.2384706765584676,-0.00969831438847366,-0.10948687218411911
610d11e72bc2362c15004220,Golfy_Dancefitness,0.0821935280400998,0.1104763848761535,0.6035516380948533,0.12087676753009612,-0.13523193371920406,0.19115448338777943
562a5832d2a07e2dbf8e4aaf,Koach王鹏,0.09310646622468796,-0.11571690537226592,0.22060974095527644,0.01460119515455402,-0.06624660604770649,0.02474150851915477
583444cd31f1162c3dbeb957,爱瑜伽的HR,-0.00781896599444363,-0.03709417858444534,0.009851224468902237,0.024838097895152365,-0.03244761889860829,-0.0006457076277673765
61190902a78eee3c6b564967,龙王77,-0.12394603401362912,0.13821366598374132,-0.06234073787698263,0.19712827506881006,0.05324979981582062,-0.02880131706631492
559a51f46ca1b84f94c7f812,老韩霸气,0.17013145035683766,-0.3499775945433071,-0.09188364292752198,0.03736109721258893,-0.018328657934993855,-0.0003927122595048753
577ed4a27cb5802844e5688e,哈啤酒吃蛤蜊,0.08299759210259913,-0.2120592579020495,-0.05027057276789668,-0.028260498396563416,0.010262102483142254,0.029623089495346873
5eda0862b52fab3e4d25ba42,莱美LesMills,0.16687300480433986,-0.35042450050271473,-0.05197029316499337,-0.035236450889628575,0.06423311395858027,0.025632028007116843
5baa1c5f7511ce7169c6528b,Ghoshi巩浩,0.06385951515440288,-0.14727646591943644,0.021819705105240613,0.017576855310417507,-0.005424402974780692,-0.006177194974781837
623a9db4eb4bb10001af5c2e,侠义的沉世,-0.08883626094259606,0.08221451995049325,-0.04391326890550085,0.1287189823819446,0.038941421057258674,0.0004705901236300506
6232d1f5bacb640001394d0b,A-SOUL_Official,0.0581066044011035,-0.17210333081428258,-0.06338499062875302,-0.10006556266470455,-0.14366107827752386,-0.08805070218650553
5e90029bb52fab25b71c434f,踩单车的Keep君,0.1773986712438364,-0.3718271840491614,-0.06868634268334148,-0.0029901241916131726,0.04729958656543139,-0.051232828232165274
58e7e0c331f116051a4d651e,江小南ofelia,-0.020071417945040443,-0.026394787234847637,-0.012865983838944012,0.02072307469076642,-0.10591973433166561,-0.02299320596116187
623a9db4ca0ace00010fed06,深情的睿智的溺爱,-0.10048719995426002,0.09983943376536823,-0.04575422159359079,0.15389428144425948,0.03369251349253649,-0.020137203152626227
5586a4093568e007bf0e9b46,就叫我小A,0.0498083850855517,-0.11835434793601866,0.04531030912508681,0.01562900546532629,-0.007956104459727874,0.033125574058788916
623a9d687f38740001829f2e,侠义的不再犯错,-0.14341697753205265,0.16951170157362333,0.0497769964355394,-0.07099205633554123,-0.05942792813702899,0.056181493966073484
5c7e6e677511ce27d58b6049,koach蓝乔,-0.038181264191153357,0.1124807304406558,0.45263011551112453,-0.0995399927299885,-0.011997752876627094,-0.05786443803901334
57495414a4070fc62671ffff,海洋饼干Sophie,0.11848822372434949,-0.20327406296960726,0.07347795690392958,-0.0002867428816324218,-0.09209574320342465,0.04427248395638123
606c16652bc2366bfd1172e5,Sanne_Vloet,0.054283738590025755,-0.1464389837777669,0.01792922999082459,-0.013180054299872403,0.04924338581031292,0.09212719030962284
623a9db4258c930001e96588,才华横溢的学渣总比人渣好,0.001977268588360732,-0.05599728863230644,-0.005971979368522648,0.021869785858450137,-0.05439476611193872,-0.021651886940505828
623a9db51e3e850001b3788d,风趣幽默的趁早,-0.06068758841082323,0.03618345431982571,-0.020921515016197666,0.09707403263953888,0.032794659552280676,0.02425294326462908
578e091f14a5c1d00689ccb3,健身教练小金刚,-0.040381157086807666,0.05514107357635176,0.13719865640693776,-0.003054662182954626,-0.041349018549105804,0.025843232392947075
5d665462b52fab2e94a3855d,Max跳绳健身,7.224147090558188e-05,-0.10115645094862682,-0.04036371018071518,-0.09966044416448788,0.001752228636363291,-0.03325832215685954
563260aa64cec9b966a16ba5,Koach卢磊,0.09892032294377996,-0.07963192863519956,0.552416396374427,-0.04861494619474097,0.039967462453463394,-0.08804704874392161
623a9dcbeb4bb10001af5d72,倔强的落梅香带雪,-0.14855158083289605,0.16122657618717753,0.008113179594657523,-0.02866624090263375,-0.04176134956696529,0.0577753973071816
5c0750c27511ce4e03680c4f,Koach阿泽,0.2859941287175012,-0.3830679028836486,0.45105647966315143,0.01506190416424487,0.008598240085703403,-0.09978610774457464
58fdfe1c387e281bd15fc40a,昕叫瘦,0.011730757219352897,-0.08214110134703098,0.007337855871592786,0.0010230816815821402,-0.036996403201261976,0.03799487288470766
5f3ca08d650b9c01c77ea216,成33Jane,0.06156091357500048,-0.1544767688606444,0.016272257134091295,-0.004707263783720704,-0.04303728631155617,0.000500096529007504
57974dbdd7f73e3c0599a276,自由之凨,0.07536269444796101,-0.20921321433504067,-0.060869595604299664,0.0026306604722153614,-0.01411177860659768,0.00042101972971046785
5828a919493303326f58671c,朱晓梦Meng,0.022439991752630496,-0.12803438130952538,-0.03552834064242132,-0.03218906917187694,-0.011612000457786471,0.013432807487362615
56c3cfba3650096574ea13c7,Clown洛先生,0.0314112058351303,-0.15583989528528974,-0.05252280731861636,-0.03321493876761378,0.040467731015280395,0.05392302347577283
55f031c9119a30efbc49cb4a,BeckG,-0.1876429041058132,0.19622283444137265,-0.048012708850552685,-0.07215407820449127,-0.14345439100561538,-0.011314514944250004
5592ae4d159f9646a66f7fd7,樂樂_LaUReN,0.1711310925258493,-0.31243773853415857,0.036292966168778494,0.04714323651484482,0.018709029158885816,0.10880212528838311
623a9da2ca0ace00010febf6,百折不挠的碎梦3,-0.2416673952194686,0.2911591588475161,-0.048280930278502075,0.08846905374552312,-0.019985246989285874,0.05320493972381222
5752fbcd6077642105d47b52,sniper派先生,0.15056818610883563,-0.33599347113551403,-0.07827120006672061,0.05201446667778307,0.03483562663415065,0.02682738705515232
623a9da284307c0001bf242d,睿智的青春逃不过一场爱情,-0.16960598555146777,0.19706122938747755,0.004611371243529953,0.0536195885830578,-0.008207277073743727,-0.04073685967418773
623a9d3bd611d60001c0e85b,简单的真心换来无情゛,-0.21345018172626726,0.270691565826608,-0.0024748361634114105,0.12486072860117733,-0.0011884389359722624,0.03550764951023736
623a9da17a2da10001b464a4,倔强的奇葩苑里的一枝花！,-0.13886010548687408,0.13742964477617867,-0.027855826165742063,0.030499228400404775,-0.041163168946409874,0.005563277118231125
574afe665a0d972805a28bdf,Chili徐辣儿,0.0532625486279147,-0.1835949613881667,-0.05762392939806767,-0.034265987346396756,-0.048604590802034525,-0.037529730885477335
56ac40f873c3121234a9b810,只有86斤的孙静,-0.1424712299552526,0.14541842636295113,0.010204307403845625,0.010170810513407348,0.010829132362280926,0.006851323300959919
5fcf4f9bd9e7c429d62d4904,马可Kramer-TML,0.016698025074470838,-0.047463743159099285,0.12228134263803209,0.015147970399452442,-0.0073509770836061444,0.041523428206680535
5daf7fb5790b935c8898c6d8,爱跑步Chris,-0.01172651582006825,-0.07218325490956827,-0.007266020678624629,-0.053535425279509684,0.002752319701441107,-0.05095922461747289
5e3a37dfd20f9c3df2c1f389,全是瑜Allyoga,0.1178047183961454,-0.2826194788821797,-0.048479643549145544,0.029948026991492665,0.059864701459457506,0.02462516469933835
592a5e2e8c26a34c253ecd0f,王诗意Fit舞蹈,0.18789285723660057,-0.39747224475448306,-0.08272371187311935,0.04591363339397538,0.018751765327024335,-0.016041681036474215
57bdcfcbabfc017810ece40e,布鲁斯FreeSoul,-0.11832411491920346,0.0957364645933555,-0.010765349221152307,-0.014900828463374928,-0.004777747697904638,-0.0532013492606622
593651d5493303784ee1b882,YEAH老师,-0.053095690319561656,-0.008148446984332714,-0.027337731104974696,-0.02605504159416373,-0.07226923377503658,-0.04724614235600868
55bcca95aa34ceb6b1ae64d1,bell姐姐今天跳舞了吗,0.05627018334748768,-0.19318294488676818,-0.06810975476296295,-0.026853651199730526,-0.06702664961847515,-0.02904958423409818
5ceecbc7c73d801d817a1ba8,二宝威廉妈妈,0.12948775910660695,-0.2854665865368163,-0.027774906409445296,0.021487708914247384,-0.0017953451871868132,-0.033010398050403185
5805c96f31f116684ff2afe9,颜婕,-0.1875950660875117,0.19156045123970344,-0.006982006348047303,-0.01618563931045075,0.09993582355606628,-0.0740491920637303
5548e75378153de9315a95ad,郑凌-Yoga,-0.001946682691392711,-0.0963273669461425,-0.026066553502768937,-0.011535605639934698,0.03352334095343984,0.030340468180871685
5d6cba03c73d801f341755c0,Koach-Suki,0.027487319215780796,-0.10486930463418234,0.04878062532366545,0.039958522904759375,-0.02062792955576032,-0.046402950844540915
55dd059817f6f4c914340101,毛远祥,0.09390051795590741,-0.2507619015735217,-0.05224914280455353,-0.011073205234498132,0.0002534435270988927,-0.013005952830217474
623a9d6957a9d60001df28c7,别具慧眼的看清人心,-0.2302310572377066,0.3068334512945033,0.046216821637969696,0.10360340447451145,0.010900754785893377,0.07664366729687924
5e5f6929790b932519d4d56c,JamieSayi,0.04128298907827809,-0.1577373742751654,-0.0480701952671045,0.04527719633144684,-0.0033344107277000663,-0.015558920287642065
5808a5e931f1162b4cdd6095,泥老师啊,-0.04603667872906909,-0.005707693301999607,0.003884678999825239,0.005734876463025299,-0.04016088119491322,0.030740448835315813
623a9d712bfd5a0001901512,开朗的留胡渣的硬汉,-0.1368204657982277,0.12764958549507907,-0.024065024447466592,-0.0017843883160682515,-0.0885020547440011,0.03088383297067023
5701ec2daae36e4f7105442c,偶不偶买噶,-0.10789122083116613,0.06721831264363595,-0.01724027234920014,-0.054554315054594446,-0.013246258488334951,0.09173559828775144
61093581d9e7c447ef27d46c,不抽烟喝酒的刘世柏,-0.09994747397184169,0.044227710454772674,-0.06525793533277208,-0.0027352719909547003,-0.0366153066611717,0.020480440353516444
5bf537af1cf3d11977f75df4,小_幸Yogi,0.06687949006624186,-0.15210331189232726,0.07932376110632354,0.01976409381914456,0.02587770839540364,0.08115996402785614
61024edd2bc23605c1a8b55c,KellyGale超模健身,0.1384412466876795,-0.2945820557030279,-0.01657632305914569,0.019739743149393633,-0.020116713544568506,0.07579910128151653
5b85e7d0fe6e4329eb4e42a6,雷文文小姐,-0.07058920249126152,0.05654292144112043,0.05750293537182892,0.011680324894752327,-0.05028440356788305,0.016568644746397652
5be97e6e7511ce4c89bb3cad,MidoriLau,0.02480391157463128,-0.12804207246985413,-0.02230827910757496,-0.008497187209462735,-0.04424406981335644,-0.020185411730268436
623a9d69eaf6fb00010ec8ba,大方的愈合了心情ヽ,-0.21975113638518606,0.268034434105499,0.0007434722739643552,0.10256905704882197,0.010194698241420459,0.024735345600826023
623a9d3aeb4bb10001af5599,侠义的删除、过去,-0.18892125908334292,0.22318149295070155,0.024673794834692602,0.04474190122469628,-0.005712761599167539,-0.007505713734536251
5708cc1167f548f77999c0be,大萌mon,-0.12398417673987419,0.08358651371257317,-0.050751886066412046,0.004749345210657651,-0.01344727153880555,0.035367077896835186
56e7e27db2a18722055aafcb,碧小仙er,0.1339006076426267,-0.31207770156201275,-0.04701424119918205,-0.008432521247449165,-0.0047074232676289005,0.0025375047308492543
584429934933031d9fe7c3ef,Koach楠神,0.13179004520714366,-0.07973518782836471,0.7018150396312077,0.02655633717369023,-0.010724798071446096,-0.06529611434708839
59cb95efe666864e3ee286e7,露娜丽塔,-0.05284359319373732,-0.025161304983561047,-0.04188632512717836,-0.013578131666552735,-0.009952949514437238,0.010791016244409264
623a9da839df4500012051ef,浪漫的心梗,-0.16462066861719654,0.1846666287394897,0.026885041821935997,-0.0033217652521122425,-0.06972476580432242,0.03180678265215508
59f6dc727511ce076ee16448,Koach罗罗,-0.05792109782225123,0.054003039604058826,0.17885136991177458,0.009247424936658954,-0.00992334395775326,-0.013985504450947438
5b39e56a1cf3d10cd2f51010,Elaine丰儿,-0.11193454075535886,0.07376362587248449,0.015573717501074684,-0.08856438410745897,0.029883191296565168,-0.08542115263273312
5b03ae30fe6e4319cd39c841,诗小凡呢,-0.1773753638448139,0.17131524249079558,6.4013334259354e-05,-0.0660713871922193,0.019686285950748308,0.008866853162562546
62540217cbdc47000109c161,Koach_Leo,-0.09975657909708067,0.04674215008394555,-0.037930821964717434,-0.005664436496992597,0.05487720404833001,-0.14228999881762594
5be55a11fe6e4374d3165863,Koach-RacheL,-0.0949893354967862,0.05969176013155848,0.16599746844632238,-0.2210057352114367,0.06295327949163147,-0.04359629597016651
623a9dcd1e3e850001b37a00,专注的烟徒,-0.17884119888028255,0.1948099741516851,-0.00560374655685247,0.052020202275588574,-0.010850233228221184,-0.01630887349178325
551bbd16ed487d8f2b617f3d,Jessie被注册了,0.08643026597229925,-0.25293638083676667,-0.056677659201537764,0.005504987017143169,0.07099572606257654,0.08707260408213666
551b5d8eed487d8f2b616e7b,___长腿姑娘,-0.06946389701401152,0.04177540593713698,0.051412782165192496,0.0016098917439851493,0.005893968197322485,0.011427704371508344
596a95b32881d744d4fcc76e,伊忘公里,-0.0069027161563718145,-0.09477466792103818,-0.043692004851057925,-0.006857110334401313,-0.007138913500639528,-0.04437905141651359
623a9da68b995800014059e6,睿智的乱弹琵琶,-0.12357449306508823,0.09890763235437582,-0.03368768175423831,0.014387775037157057,-0.07101477303309721,0.04246938837882737
58b1a9c931f11659b69dfc5a,Koach小陈,0.15196658950535483,-0.20742378325918823,0.5620112474832798,-0.16407925666964548,0.16064736232966098,-0.09255133289780929
5577fd4384b61bff533c3133,进击的顺利,0.0009134367505698362,-0.07083009047188381,0.04270763124347315,-0.028854574551547565,-0.020457214130811686,0.07674758695533125
5f30e6b6d9e7c450644afa6d,Keep直播课,0.05811091720647761,-0.12401955066583298,0.23184698676651203,-0.06253759515564274,0.04899951001348627,0.013265303549819073
57678af8b3f5ae312530bd4f,玲玲范儿,0.0030835274125605157,-0.07546241085049288,0.013921742502125859,0.009177747905100737,-0.07417231330703522,-0.024623298799893233
5b346e4b1cf3d10cd2ee631b,Koach龙超,0.33363155329030314,-0.45487568606878503,0.6385769640189121,0.025682450598779515,0.3932867640869914,-0.15019409488061122
623a9d6759b00e00011b11af,勇敢的笑忘,-0.20455297467004668,0.2432353287589661,0.016073470925283186,0.07535600627196137,0.018046243366325855,0.0037118496822941467
623a9dcc258c930001e966f3,仁慈的眼泪笑了,-0.11845330105246843,0.0732726885381902,-0.0318269175202523,-0.052574493226365406,-0.018853172203960974,-0.05745257572368659
5edf35bcb52fab283f1426df,叶的冒险,0.07983070962530156,-0.22097894510932542,-0.017789224064427418,-0.05281055556494471,-0.03627811153970432,-0.047459539228399066
611cb310a78eee557f64f96a,Yee起Keep,-0.02563221941494555,-0.07589116130578269,-0.05359241883152508,-0.04107103784581406,-0.03255337638567888,-0.03748818852414334
5bb56a517511ce7169cd1690,阿免就是我-妍瑄,0.2402931140192741,-0.4866979000143936,-0.07631759341742617,0.042305125474894595,0.02973561298272453,0.03817412040436966
58648c874933032f5e8c43c8,Koach大羽,0.053144186048330086,-0.10283291024370216,0.3385021924580248,-0.12297197254560203,0.12051413436199153,-0.05842314986985141
623a9dcde261b900018e5b5a,简单的小狐狸,-0.12012031497541473,0.08906742964801634,-0.0380274994897355,0.06482658341607724,0.001998410521512072,0.05337022094233808
60bde5eba78eee1e25cdd105,睿心Wiseheart,0.0622881041559463,-0.2182261771583701,-0.040051952202119136,-0.036492397024711874,0.08283686210341729,0.05495152147259472
5bd92292e666860c69515c78,ken徐浩,0.15257976843418944,-0.3575155331463287,-0.06911810719836757,0.02201649180585469,0.0664688722852704,0.08504734108879626
623a9da77a2da10001b464f8,积极进取的依旧囍欢,-0.18712807832612552,0.19232547814032158,-0.01260132803117215,-0.010511232537686948,-0.023991662669433023,-0.018352071929008396
623a9d9bca0ace00010feb87,直率的心病i,-0.22380395127844138,0.2511268305290098,-0.032850721131533166,0.05866239141286561,-0.03954806283402449,0.057954398775446364
623a9da2258c930001e9647b,足智多谋的坚强太久,-0.2309899388382371,0.27704416301825274,0.008234358818394343,0.010396092462090197,-0.09407307357219233,0.05406265657495149
5989e4bb094afb09d8c65bf4,丫丫_Lily1,0.0898733170239604,-0.2502811764774108,-0.04312911033802016,0.0042903054089471,0.03950572104686578,0.07758536165743249
5f278085d523e965da498c5f,Rosie的瑜伽乐园,-0.07962374810114783,0.021025569765962784,-0.010774379390056245,-0.038597727306384035,-0.011615237029440204,0.05233194128205224
5c8a7706e6668674992a9a5f,Koach-Nicole,-0.09553216028995602,0.09081619201707596,0.24752686457724535,-0.22825475555704552,-0.010461059836045797,-0.11855918265639612
623a9d68e261b900018e553c,敏捷的那是完全的覺悟丶,-0.2325196671333038,0.2766989585349072,-0.016685093254263348,0.1459990957836818,0.055377030375743465,0.01979178695437346
59119d064933037bb19dccbe,Nikki倪,0.0029978681713639507,-0.1138963686356778,-0.007063168103487953,-0.037619405877883524,0.06843128277646422,0.08259317750459617
56153224838a80b116104368,TyphoonChan,0.0013629600243994747,-0.11843873956879399,-0.059006609092710924,-0.009388876010229995,-0.006652756804923548,-0.04121574417269833
623a9d7139df450001204e8b,简单的學會、放手,-0.12770129374121802,0.11068314842412587,-0.012932482653227323,0.012570264700042301,-0.08005109575784318,0.016170621919548142
58fb662d31f1162861e63d9c,源气Yoga,0.09720888059161605,-0.15655161493669667,0.2694048030104876,0.07859386986666872,0.019113853478379416,-0.002478656110934799
55bbc736b641e96a0183327d,V-郭小浪,0.043097390190725504,-0.1787304881043709,-0.05238951301329504,-0.00648865519673562,-0.012016226570292953,-0.025134827870738296
5ff6b65290e13b48b47bc1c7,ChloeTing_,0.07502824867502901,-0.23060427141751133,-0.06246122743854373,-0.017788363748270083,-0.0459673334100222,0.038394686860395384
623a9d728b99580001405709,勤奋的-醒醒吧别傻了,-0.22865915384644073,0.2715562051360152,0.005410547617388538,0.06226895597084099,0.004307035880480735,0.004577078651182553
5a8c29a27511ce21f8606ac3,暴躁熊教练,-0.019050813590621277,-0.08928957849604505,-0.04833494286174986,-0.054627406511417786,-0.013152744297657224,-0.04306528849272378
60dbd64cedd76c63f7a91ea6,不正经运动研究所,-0.0021536699799198787,-0.10893834943317734,-0.06709555368011594,0.03441922091882868,-0.007294030477921157,-0.03321993933238727
55d00fd69040f8f3d8d14b7a,瘦不了猫,0.061332563334961225,-0.2059266901170445,-0.07390401347716052,0.04627523895361433,-0.018645950970886675,-0.08325441720332814
5fa654719521744ec3af39ce,是胡静没错啊,-0.1468966469324255,0.10337384642386716,-0.037173160427136386,-0.0467435180097527,0.0540590524511448,-0.0012449078342463061
5b6dfa44fe6e4336884085b2,waacker_AC,0.10605716842873641,-0.2788883608987858,-0.0953026458385423,0.07188690253842657,-0.055458215111111896,-0.0414164257399872
57e01dc631f1162b0265c18e,Nikko大宁,0.11406143866750112,-0.3023312421802156,-0.07061090114746205,0.006211888521022665,0.039724901257667436,0.0449391380946668
5688666256e471f0678ab5a3,馨怡olivia,-0.17764253870539115,0.15747662391639586,-0.043351317658279806,-0.038396352929709374,-0.029786436556891813,-0.01662664964024553
5d27097d790b93640d645649,Koach-Young,0.09054514399006908,-0.15320095968585004,0.4248931430301775,-0.05312519340958595,0.3650135722394379,-0.056792252498874374
623a9d9c59b00e00011b146b,内向的湿润了眼眶,-0.26374378259480225,0.3211191164808639,-0.022756428087062654,0.1608606607688258,0.06862364243148798,-0.011003145165321502
623a9d727f38740001829fc8,勇敢的迷途知返ゝ,-0.20834645184749115,0.23187254599611826,0.02568951925606491,-0.05540367157278898,-0.04330727703208806,0.05672654772380308
623a9d968b99580001405903,开朗的大胆的往前走,-0.25066307315514397,0.3083546201510604,0.006458969774864097,0.09500793305846505,0.008155098596357371,0.04361187219430131
557246fbc0eab78198a0f136,马克Mark_workout,-0.11572282721920749,0.06375609088061546,-0.028188941957390322,-0.03830377436794339,0.01150954943344928,0.010044812171660731
623a9db44b919400017071d0,足智多谋的青矜,-0.20159369869593105,0.2115184930339974,-0.054871170051480365,0.1949789973124071,0.12924258105675185,-0.02076725613046709
56d82ead3bbf5fe51b8e5f96,龙爱任,-0.05107874330305361,-0.003971072759291591,0.029739236081040173,0.013654230814576748,0.03299208589911924,0.030982504741511912
5eb61ae3b02f9a4b3170ab3e,Gummy桃姨,-0.15395421163259906,0.13068288385365448,-0.0324246182931484,0.017924455155675777,0.004347115548240698,-0.0026994067477953696
623a9da7eaf6fb00010ecc08,成熟稳重的你还是没感动,-0.2073711907915237,0.22270854225314432,-0.017132863120800576,0.01797042292658533,-0.05006562636030483,0.08878566408450717
623a9d3a1e3e850001b371d7,会功夫的勤奋的沧海桑田,-0.1760807493595736,0.21293147587804506,0.08016873281430356,-0.0069483504122612874,-0.034050793538569955,0.051754658200857215
5aabe77c7511ce56135380ea,音音INNA,-0.20572729552791877,0.21385982313389912,-0.031361726921093354,0.05088070807989937,0.016216482810997947,0.03674595793665152
55f94e62f4421d4a6ea3c3c5,爱健身的帅帅妈,0.02285750580452819,-0.14337643744400586,-0.012921585349020033,-0.024137878623921815,0.05485136187240345,0.06543764308184002
57e4b37a31f1162b028b3f6e,饷钱Eva,0.12876028355410016,-0.3131424341753204,-0.06753315060039336,-0.0010886100153624373,-0.0656996678207116,-0.021449785652579066
59ca24eee666863660573953,卢昆Kyle,-0.12184969478937727,0.08817678292509488,-0.022851155004331353,-0.1409784886552583,-0.26514262346811523,-0.022560576217080984
55b1f138390dc604c8baefaf,浩子不胖,0.05305100925625014,-0.1872316209461571,-0.058958227017187344,0.04470239964251554,-0.043221437358669006,-0.027531784173250324
5872628f8c26a37255545e27,一余鱼yoga,-0.07979243153673563,0.011034579501872152,-0.0023726911055079324,-0.08222293833915012,0.02600962241321849,0.04514624383485436
623a9d70ca0ace00010fe983,才华横溢的笑着放了自己,-0.118520985853554,0.09664267818914579,0.0017707950518303765,0.0619959791253337,0.03132909999763086,-0.012419235813043043
623a9dccca0ace00010fee77,专注的侧耳倾听,-0.1844817880040217,0.17111019777353348,-0.04973102711627227,0.003957617224239676,-0.04063294696708417,0.046153347660331634
623a9da6e261b900018e58c5,仁慈的几度春秋,-0.2651706559725725,0.3211001821270547,-0.019753705535171626,0.12683788599338164,0.02507484661305366,0.046798288171773575
621c475ccae44600010bd1ef,斯文的别再吹冷风,-0.05293996645128494,-0.015476101429249038,-0.006967459853467634,-0.004169562735422586,-0.016838671655898016,0.05667687527625431
5567d251c336449b10e7063b,范李猿,-0.022552929295279463,-0.09240012300701858,-0.04594220117356433,-0.0855046571383857,-0.003053236017844192,-0.05047496150469837
566e9ca94885a51f01b29a7c,FelineWang,0.047974249589448584,-0.18716823416865466,-0.036472725908425936,-0.0005241387201151867,0.033823196019165516,0.0002465153018729567
57a464e9e04d473805c1916d,帅soserious,0.09641273715844526,-0.27177087599675853,-0.06137414108896346,0.00015695141016826072,0.043275323824640034,-0.022228669644446832
57220eef10f8732305c7c529,Koach小景,-0.08183289553432607,0.060376321014787904,0.18371478206344102,-0.12231838175239632,0.020060428179449495,-0.12599503108468396
6139b836d9e7c460bd1e9ec6,MadFit健身,0.0168155460740925,-0.14070074629398052,-0.031415934932828946,-0.03702094282209522,-0.00021586340731314564,0.056767276682764364
570723b2745f43695229e15d,Moccee,-0.12667501296803763,0.08269243885510537,-0.027838561422191658,-0.027727935396110577,0.014113150473556768,-0.019078594387599443
58041cb04933036dfee2cc5f,飞天阿花花,-0.012761218304736597,-0.09908452061874944,-0.051388337675082,-0.00197426028992338,0.008959482981687727,0.007860642439423133
5cb3f24e790b9303aa9bc596,Koach-Rio,-0.08159505504668205,0.112151302044102,0.3796929737687114,-0.15543489261055626,0.04819540379820861,-0.09212268719911568
58e623c6f84e8805b91f6994,茉莉绿茶加寒天,-0.08464447188629112,0.015293672800523305,-0.02403822696172517,-0.04908922411421257,0.026602376118497004,-0.06279660510148996
623a9d95d611d60001c0edab,百折不挠的用奋斗去征服,-0.07947444115477027,0.042938228660027056,0.04048481512820755,-0.055260289364419825,-0.07503078594848285,0.015727019954291547
623a9d3a59b00e00011b0f6c,睿智的不甘人后！,-0.18107117238837714,0.20559816252446583,0.022166020861517803,0.0747240460673704,-0.02870392737442664,0.0621547809516357
5a4c842f1cf3d118e4268ca5,简单的Ann-Z,-0.17910060488801685,0.1569432084895418,-0.04683634622675427,-0.03718528815696759,-0.04236263156165544,0.022347294706069765
623a9d6a4b91940001706d63,风趣幽默的卟可能丶是G◆丶,-0.23177417580832438,0.28344533486274903,0.0028792623027240685,0.1897676158571085,0.09802630240438324,-0.01968083966180523
56189bd9d813df95c1d8df0d,Cherika鹅,-0.07910154388433858,-0.0038107597566260226,-0.05687193681217973,-0.007634457490968446,0.018647121995755113,0.0591022955750597
5d256a7cd20f9c752ba2e77d,SoniaHoi索妮娅,-0.01740733511641761,-0.09693259486989168,-0.0494022855396239,-0.02891728318609724,0.00606012644735885,0.058224649151427256
623a9d3b39df450001204b7b,慷慨的幼稚不见了i,-0.09487824614324396,0.06664893095659191,0.026329404262061082,0.0038670700495195935,-0.03841792799121008,-0.021973622175198354
56c89a29a2a739023cb6b3d8,桃子-CSCS,0.048367173249256185,-0.1972863444916628,-0.035225141154429325,-0.055927065737060494,0.0296048408393077,0.02260204417190751
55c95a17ca9938a815f24a14,夏川_chuan,-0.03853632509222699,-0.060229554291971577,-0.022362228671505315,-0.055629226412385095,0.05734921777006108,-0.0008702171348767729
565479fbcbb94b49f6289b89,迟雅美,-0.05305651702561339,-0.022136548807340107,-0.048496734128920554,0.06560682231290342,-0.01982874407799844,-0.014526080487998375
5558ab04eceba355da8e6097,认识阿牛,0.09898285428241703,-0.26729525023241324,-0.04139138385312548,0.025415867250698203,0.045399397374444275,0.06506693032091915
5fd730ba90e13b48b48e3fd9,陈玉轩Noah,0.026085684502276975,-0.14312948742174095,0.020921079596545107,-0.08980141626945035,0.04276227301469162,0.04242955652382554
5d4eb445790b9306e8e4a47b,白敬亭,-0.05716785420212058,-0.0388023750157775,-0.05016373393542806,-0.035978838581387534,0.03074836470917253,-0.025886744041811557
5900c40f49330323c30147ab,陈海诺Leo,-0.03846424810442959,-0.059521147811030795,-0.07506175521322626,0.03852221844913985,-0.04087108486860152,0.011216273236046546
58294fdc493303326f5aa08e,张鹏__Roc,0.08619246605589266,-0.2509330816808583,-0.05475501308006503,0.003709038145254347,0.00658064285177991,-0.02737086520094328
5ff2080b2bc2365c12924fa5,德国姐姐韦玫霖,-0.1655365428011155,0.15000925503747445,0.012896983506880027,-0.05396776183976284,0.03257284817166419,0.06676315547240955
623a9d3be261b900018e52bc,仁慈的懂事了,-0.09842453515990943,0.055572623697005226,-0.003971984300672218,-0.01250269098075557,-0.05271325313319152,0.00614782080702563
56c2a0339459146c576e80a6,桑禹涵sky,-0.04539062468302636,-0.022517202684180157,0.004284018155768883,0.01831453688843441,0.002573420689107967,0.040897629827697554
54f70407afbbd78b1d0ff265,安妮小妞ANNIE,-0.10147665167936468,0.04237428885507617,-0.04673243104142427,-0.0012168624724803216,-0.03987263581626949,0.025188412244523704
5a804e9a7511ce21f85a0362,张槑槑mei,-0.02170799368739312,-0.08304599003759147,-0.05759437110066968,0.0054476829359141,-0.02976292164350064,-0.013981143290359255
623a9da74b919400017070fe,随和的顾北,-0.23235359474314837,0.26256431332903135,-0.01587594089666206,0.05521125972134725,-0.02260832015628278,0.07001384420348011
5f44cb149521744454d72ea6,下个月誓死瘦5斤,-0.15106924471692662,0.10638843816473287,-0.008902273530584308,-0.08540341475982867,0.12836137666755343,-0.06895459383832543
5680eaad27d7b1a27519b767,的欢-gladys,0.06495327810514852,-0.22475742682720556,-0.06372606953517694,-0.05422349524353536,-0.05150837025477305,-0.08156399953630182
57b9d3371a2d766e7f35a425,Koach小颠儿,-0.13352540031749238,0.08474689399246003,-0.03284272614913867,-0.038314574284850356,0.03585884076946317,-0.05130092662987627
5958751815e66e0d61df5425,达微1,0.06290025692128476,-0.2323416224120139,-0.06926513311246171,-0.013957049657106691,0.0516599832990349,0.08015509357222103
57581d9810e3a42105144722,Oh是Connie呀,-0.23753265278517827,0.24824884230778932,-0.0301997861339558,-0.03330279552215619,0.011905169358462359,0.001824585395710453
623a9d9459b00e00011b13fe,随和的一种安定缓慢的成长,-0.05770514901257847,-0.01202182924849924,-0.016427160855757274,-0.04744258143861827,-0.09827649021218639,-0.05965122121971557
623a9d67d611d60001c0eb4a,随和的小成熟i,-0.2622434417599771,0.328186740412852,0.013772357072768766,0.11819638388898746,0.02316323513695923,-0.028431129595701658
623a9d9e57a9d60001df2bb6,专注的、梦屿千寻,-0.22025986858192742,0.24698688218011783,0.01661203216359991,-0.013308492638706936,-0.002285632548185195,-0.02036194395478571
58fc284e8c26a3632ae95a23,降龙健身,-0.10091449661554831,0.04665199740407581,-0.03848709418450861,0.013806228437091752,-0.022993462825566906,-0.025352129570090802
55e64fa0634869770922af80,A鱼鱼,-0.04257225044649217,-0.05342048446705457,-0.048099242388075635,-0.01701236757289263,-0.024268084333747858,0.03778679492419739
5820461f31f1164ac4c65976,BlessLeroy,-0.06009061181957972,-0.038967846110026405,-0.044283699503489565,-0.0896078795677708,0.010641103685158837,-0.01964857206576051
5e3b9904b02f9a09fd3320f8,陈暖央Lunasea,-0.10334363726143232,0.051518978131742936,-0.02608037133386707,-0.002322309128830639,-0.013823261581840872,-0.01683985100718759
623a9d3c7f38740001829cc8,乐观的历日旷久,-0.15214174556804466,0.14668663591231715,0.017191449192363366,0.024646589065992267,0.01103929932694128,0.021648336257414053
623a9d72e261b900018e55c7,足智多谋的好好爱自已,-0.11388407992040604,0.085628762952417,0.011984726208044635,-0.025785023087237065,-0.07898469666155296,0.027757151408959565
5590d1e1159f9646a66f4610,Cokey斯琦,0.08311845500681968,-0.24962907892407749,-0.09826833099634394,0.057057569439450645,-0.08243310610402217,0.0002864582387051991
5942d17515e66e0cbfaf0957,Koach璐溪,-0.26194069630871575,0.3564862880284108,0.2355965591335735,-0.06677235247278028,0.11045223044497002,-0.2287284929742492
623a9da14b9194000170709e,专注的共赏白头,-0.17530284440029303,0.16223523890316863,-0.0103169477891036,-0.03305247653450681,-0.005875882507453016,0.02201967403598454
589fe0cc49330375453045d1,埃克斯歪爱拿铁,0.07596486357904267,-0.24364279318124207,-0.06573645900846398,-0.03512008072862511,-0.03356163967078472,-0.03373124597457554
58b6bfdc4933033ef71bc83f,山姆爱健身,0.08077788181324634,-0.24616292397762818,-0.047929188117520144,-0.002481922486637487,0.03537120179017351,0.026250322767793384
623a9da359b00e00011b14bc,勤奋的半城烟砂,-0.2726961417985086,0.3162360721748941,-0.016881562126739132,0.03908735209422473,0.06744433078357887,-0.11347283449059373
623a9dae39df450001205243,勇敢的三五鸿雁,-0.12138917827282948,0.097061925887714,0.0018298356083687435,0.02236235070494895,-0.03793824490567485,0.027804989203269775
623a9d3c8b995800014053f3,侠义的乄゛遗忘丶过去的痛,-0.15699043104371843,0.148894174616046,0.03757626851358421,-0.056299654569208546,0.024151239331381306,-0.037265578285592946
623a9ee484307c0001bf3613,仁慈的你又与谁,0.07082088345643735,-0.22830001991298507,-0.07163596807679358,0.09752829030394083,0.090017813330641,-0.029092032405818882
623a9dafeaf6fb00010ecc80,仁慈的婉若清风,-0.2476247813247689,0.26417347615866166,-0.04029591272021172,-0.022784456636669552,-0.05278686373175066,0.05910452937699375
623a9d941e3e850001b376d0,浪漫的星光下的寂寞,-0.22309359233023884,0.2557781602508644,0.006151109289738962,0.07180042566758899,0.025281916475397945,-0.029468630633622234
58b4ff9d387e2813c8fa5f2f,大纯仔,0.12176454509731305,-0.30380797676084026,-0.06504766470654685,0.033388031984191845,-0.02556151111022023,-0.016508362538812056
623a9d70e261b900018e55a5,热情的理智去爱,-0.16533777536560837,0.17043313492256668,0.016193783243497836,0.04343759869811453,-0.017560141552784066,-0.0016272003792568628
5e58cd08790b9325199748d2,妮娜教你健身,0.014592972852272939,-0.1432343252313546,-0.0595657257908103,0.001820714718974904,-0.02284800041401659,-0.015635818571821156
56ac08f27ef71eee33dc75b9,GiaDu,0.0676862463602259,-0.24167473025179745,-0.041007790205177364,-0.0019124708691476743,0.18901676412961405,0.13708713553295504
623a9d9d2bfd5a0001901755,成熟稳重的古城白衣少年殇i,0.09898506507653822,-0.25520278313238137,-0.001586482358266877,-0.07337039736503286,-0.04737891338272861,-0.059601648996599206
61024e18a78eee7ef4dd414f,Adriene的每日瑜伽,-0.11329791323161144,0.08722350019350757,0.05886203308397864,-0.04450596847474135,0.05857922052629532,0.051833384393885594
572dcb8d7e217a2f0586791d,健身的胜楠sonia,-0.07898771458865635,-0.0027986475708704343,-0.052384087859911915,-0.01605806456119056,0.005239217538564462,0.003814321339042231
5bf374011cf3d1602788f473,大跳的猫咪,-0.01912922180655526,-0.09299514912736387,-0.03669306929407359,-0.0337924066182725,0.03355136918417239,-0.003776440599870137
58109d5e31f1160852bc9c59,Vicky-琪琪琪,-0.057693869556358086,-0.01601180114326219,-0.012854771604173715,-0.025080916075509583,-0.03390482496046067,0.02989235700866865
566d2a2378851afaacf5025f,拿铁女孩Fiona,0.06554149910576618,-0.22565781262304188,-0.0700470926234782,0.041815592383965317,0.03662345714767448,-0.009787049346648764
552e49103d5f5a753c1f3c85,建建爱生活,-0.08425437108312625,0.006235705472640099,-0.05203159920445035,-0.040312956283092796,-0.044802838835456604,0.008937394634218767
58d86e6731f1160263245479,王小花Hana,-0.009148582090525204,-0.09307361347544428,-0.07037257236518747,0.10064877186088762,-0.06729014485924138,0.06063648628785619
5794e9d148c5182005c461e9,叔贵k你这在干嘛,-0.06131866238019981,-0.032314882842509635,-0.060508496703512174,-0.08989337140687478,-0.11211940474892419,-0.043488620971890345
5c2f114b7511ce6c16a19f90,特步,0.09989393692174005,-0.28750714866691496,-0.08077629637295432,0.017882642718539718,0.023869777023462168,0.06439544736761009
568e78bf1c7054731836f7b5,Koach洛洛,-0.08390864311399358,0.03163903805684355,0.05104149337000979,-0.08012411652248969,-0.055031666021397585,-0.03993147891944084
623a9da1eaf6fb00010ecbb8,倔强的只想自私的拥有你i,-0.19953016818257432,0.1952555568410352,-0.025366532434212438,-0.001600737137372776,0.006430763010089441,0.02914931023778646
57d94340493303343eb10d3e,街健小文,0.06859752742258604,-0.23716800227651022,-0.06837566625643034,-0.008924389788558414,0.022439420471919904,0.02736412100891606
55c995dee980e0e902c30abc,黄钲轩没肌肉,-0.028665008694436885,-0.07304097649975409,-0.009984737838187131,-0.07460836249368837,0.029322199879821913,0.03009977882635297
58e31a6e31f116662a70bc07,黄小畔Mico,-0.13762718550305034,0.08798351737732651,-0.03964813392992783,-0.05121419617980524,-0.016890901657730033,0.034873962574398454
58d12a4949330374ff6fd957,Yvettia,-0.18994795810171144,0.18668459772765353,-0.03646670933247339,0.06858080997952914,0.02704138050302291,-0.03970863837956088
593cced489f2d118186ca232,missb是徐稚佑,0.005313088701761103,-0.13984531810866982,-0.0552847086708228,-0.07686877479597683,-0.027117100679818356,-0.008432740501007108
59c3eb96e666863660513e01,郭玖林,-0.0320760354383939,-0.07141277173249745,-0.05564913383862985,-0.029397221244792514,-0.047241211980579,-0.07723135377264358
55dad4a8bbf006c67e405d12,YogawithJava,-0.0335244875789153,-0.08146411642655256,-0.04350027972617453,-0.04191963041257455,0.06877236468120695,0.07853373736236914
58c9f88931f1164d546a137d,汤君Tang,-0.07677371771357054,-0.007168651446146807,-0.05876620083269026,-0.00866325204234037,-0.0120970490341092,0.029653124696081952
55577f9131f57af6f6a49e20,德武安DUAN,-0.10315731257783738,0.05602403217972417,0.0072408954973435646,-0.06685890155813468,-0.037357224561827246,0.016641107428531976
60614f03f16ec72369ede917,Manduka,-0.23848298946327331,0.23570332491725657,-0.004517321593299564,-0.1419563709422322,0.06958992755789524,-0.01941662965929994
5b56fb2afe6e4313a1fed0e8,何佳粤,0.3112262134601745,-0.6232146792668691,-0.08788223043673707,0.040554670531975104,0.1452367635758663,0.09142461928643222
623a9da657a9d60001df2c48,睿智的红颜独憔悴,-0.2524298103789991,0.2989177958970195,0.011712608877726478,0.04832278772255918,0.005527507592636971,0.06141564409785901
623a9d9d39df450001205122,睿智的醉墨漓烟,-0.15621664713296943,0.14255143076388307,0.0450228090292969,-0.11805948348689042,0.011936367616104986,-0.07931803021597521
623a9da2eb4bb10001af5b1c,直率的浅尝辄止,-0.1793993513766052,0.159258434769602,-0.0300331613640034,-0.043652887341362384,-0.033978777989347404,0.010568077821923818
62541b004489ad000129181b,陈金羽毛球,0.049052379282520445,-0.19791497069549738,-0.06347890092703723,-0.008374345136758134,-0.015894723857249788,-0.09440096598142672
5d6f0249d20f9c164f66fb19,frank腹肌碎大石,-0.03807790969878624,-0.057106810545322614,-0.017580618477652254,-0.04544141375456241,0.028077289781191072,-0.016838534863172164
623a9d7084307c0001bf2158,热情的我会狠坚强,-0.23312606472247938,0.26147755075904183,0.007353725861605535,0.024763053639526477,0.04670509481994599,-0.011455860842086968
56295ecc9a992a4cceb6987b,冰八块,-0.21363135627300173,0.21392951298926977,-0.03809271814340038,-0.0005464689042625502,-0.0011826417026377235,-0.05962009382769807
5dc369a755bcc40d63af2567,韩旭谈康复,-0.19729140099722375,0.18684770545671642,-0.04565749001744885,0.01901534160753488,0.013930001945136366,-0.04543641350211402
56fcfc032aabdc1b0594761f,KK-健身派,0.007297645346465079,-0.1301181215951658,-0.06081828315662434,0.010509150782655435,-0.040284072267383085,-0.011850191445417825
57ed5cd431f1160ba7ed7073,Koach王子,-0.16211936705569538,0.18761290584180054,0.22204272778409526,-0.12455368240912491,0.08051001392206439,-0.08372126998217964
5adefeec7511ce253ede4e31,PUMA彪马,-0.008838772718182942,-0.1106313776374038,-0.0323295352812715,-0.011144210401483568,0.073171642934959,0.08728182886559725
5e679099b52fab2b6a5d4ef8,Miao大小姐爱生活,0.05597813209598479,-0.2090028504969259,-0.06508424029254004,0.002966920481051987,-0.027312011385955966,-0.019173013083168995
5aba5cb1e666865d1407719c,Koach颜颜,-0.1351285171400871,0.11707621383545759,0.15905946621513312,-0.18303021704771016,0.088682832459631,-0.06341045363832298
5d1efdce6b76fe05e3e393c2,Koach-Moose,-0.015523033532655637,-0.08907879205626873,-0.0037693643598302458,-0.057878013735033006,-0.01114183163886281,-0.050737716803607454
569fc3565bb9301848c274c0,私人健身王,-0.03186578164696263,-0.06655989806610565,-0.0357330102581274,-0.008931702053573652,0.006806556707869337,-0.030786602388562175
624d01de8087bb0001c5a9ca,要练出腹肌的杰尼龟,-0.08780459266794631,0.007741204775412904,-0.05879488415095337,-0.022257166626936716,-0.009895488643491209,0.008060823510384249
623a9d7059b00e00011b1244,穿夹克的热情的善解人意,-0.2307385851115715,0.2705676081617059,0.016634351056610677,0.055313708781042234,-0.005960600073201932,0.04257224976821372
554ae6a171959d28713a2983,米老虎bb,-0.1836640779394558,0.16982706097031558,-0.04742936129242725,-0.004974979762922438,-0.053064915508243805,-0.12758984650152616
59704756094afb4b4ff61bd2,思思_Crystal,-0.2103427595192524,0.21294935495257153,-0.03931623587125937,0.03862070146026037,-0.005533801619400164,0.015422429333142794
5718a9d418cbdb310517d77e,苏子一Sofia,-0.06231337203076236,-0.02255828463389486,-0.04329331241335542,0.017037488524011466,0.019060013342615038,0.035005038281827244
5653316070d69f37cb1f654f,我是真子真子,0.11188939973128471,-0.2867147751242959,-0.022272140405319062,-0.03381141354352557,0.0059474206095776454,0.027137430564558078
623a9ee4ca0ace00010ffd80,温柔的北眼。,-0.03787626406346639,-0.054298918421338764,-0.06804640800161288,0.14549208681254944,0.09738113700495997,-0.05788072459848526
5c6e579c7511ce60880aa824,轻瑜伽,0.11992031602181805,-0.3123059180043904,-0.07293170585595306,0.03252900882908398,0.034393050218960795,-0.01120686712108518
5ab9d1aae666865d1405fc0b,Yoyo和依侬,0.0137680666250744,-0.1462577706706413,-0.07111359778764219,0.02880638470391412,0.005854651395710658,-0.027894610052694033
55daac9b57c2bbba7e1c0c5d,迷途小猫仔,0.029505184965607185,-0.1732512253583708,-0.05517709972561117,-0.011653829958936372,0.031874734520034885,0.004294553771945758
5fbca1004cd88c15598b9c20,跟尚体育-强哥,-0.26570729969543755,0.27309797395314095,-0.013702822617896663,-0.14407533072365625,0.05214019289589046,0.0228296098400895
5b16a6947511ce087189c5ae,Sara枭枭枭,-0.15065507555339208,0.11064061242710704,-0.008785488994915443,-0.09988626766654297,0.03419642534183469,-0.07486894648248284
574993968c36d2c47e4862a6,企鹅丹丹小姐,0.0894005395678218,-0.2663819186237915,-0.0755631509274931,-0.033510059283898705,-0.07330934158180898,-0.02748733746733259
5784fe441f305d1206710049,街健小Q,-0.14344740357056135,0.08850752201978603,-0.021515251271347357,-0.12785990713414336,0.023703828521486867,-0.008907640749417379
603733f5d523e91a761ab315,Yummy鸭_,-0.20792334068249085,0.19972198599246302,-0.049141089914752585,0.00506007934096964,-0.002629743525528811,-0.017675053139644046
57b1cb5d744ad12205701a9f,减肥吧小木,0.012077245367339198,-0.11924226183851311,-0.013481523717102576,0.022225671681160013,-0.00802069244893636,0.011214699202148144
5afba4011cf3d103efc8dda3,lululemon,-0.09424150655216285,0.025181149633777402,-0.019469308079193753,-0.03557903450252328,0.04165654293424869,0.04520241425650864
5b456f8e7511ce7962940d62,李科璇璇,-0.052545686128801804,-0.04956965506570724,-0.047036670283791104,-0.07501462231885594,-0.007534159423257804,-0.03266698622321798
5e902f3a790b93014b331d06,KeepBarre,0.15928550357278018,-0.3840724292590715,-0.07869492176288492,0.031451839490640426,0.08943760675392383,0.10858349267740854
5e37fd966fbc5609c3ff63bc,健身教练刘远,0.022780207151437616,-0.16887133075533292,-0.04456408057863718,-0.06099106050851867,0.05981689307777357,-0.007726997776525073
5cfe4b49d20f9c5451d0ede4,愉快的有内涵的妮妮,-0.07901719956507901,0.0004574763651158832,-0.035206793646186244,-0.029473815466692845,0.004957818020572251,0.026790439682323343
623a9d672bfd5a000190147d,倔强的等得我没话说了,-0.134731529897713,0.11101399354432437,0.010912462568715555,-0.0348425095990449,-0.04839272790541212,-0.022051969656192275
5644b3b8c0b8bea92690f9ec,运动养生践行者,0.01404270892686815,-0.15152704482588578,-0.05014855461258917,-0.014340074005522008,0.07295544705860227,-0.0037012936369125162
623a9d9cd611d60001c0ee11,简单的要有女王心。,-0.22210307810399194,0.23055127832678732,0.015828457745181886,-0.09155526723928373,0.02243105364651973,0.022450550098216983
623a9da8ca0ace00010fec55,慷慨的▄︻┻┳═一,-0.18538312123143263,0.18382374052010933,0.00848236765683244,-0.04357839996008346,-0.047536856940458415,0.04683247745979657
623a9da3d611d60001c0ee74,风趣幽默的ヮ几近冰封的温存,-0.12303166864991034,0.09828695153654418,0.005527112032391507,0.022832671376809537,-0.01918474903990556,-0.02145523153306341
5993ea67094afb09d8dd4ad4,徽徽502,-0.11621757974698116,0.05509771210524839,-0.04025211761054267,-0.0356808400864785,0.0032084085360895814,0.003939470719745176
54faed7555a9ab5f20a1a094,雨菲努力ing,-0.009365894785780312,-0.11824828358535212,-0.06964607947888772,-0.03876888666440305,-0.04834720107340426,0.03132607196753902
575fa3245ca9bac20a7c48bc,孟阿生,-0.08879245704503123,0.018123201479259457,-0.02460050231530693,-0.06610934138819256,-0.011450047583914092,-0.01880987901269165
623a9daee261b900018e599a,慷慨的帖花黄,-0.23039854408200325,0.2604030882477052,0.024790984649862527,-0.014605214915933456,0.022086752213374514,-0.021085308307196078
54d86ec7aae446600a4fd0e6,跑步的子章老师,0.14001682148523045,-0.3193026170050754,-0.12246538988271047,0.2816283721386327,-0.001282173259384982,-0.07770033321531561
5aaa4659e6668648f330079f,美猫的生活,-0.12158505266643026,0.07188819774300244,-0.020182085940863573,-0.040625238433487774,0.010035823321661162,-0.046993931573380915
58a41b6f31f116689dd29def,260斤的超级大胖子,0.08675290505254012,-0.27013669957148423,-0.0778416141092885,0.020614975511358453,0.048116376327120146,0.08189473817696141
55f966447db07e2f66d912bc,Anny吉阿,-0.009480198884203634,-0.08003437794960976,0.06117686595596166,0.05819875193417897,0.3011573714787866,0.07916831477377255
623a9da32bfd5a00019017c1,热情的蛋蛋de忧伤,-0.21059241549661734,0.22135022278123664,-0.005666111434566455,-0.005062306954335106,-0.026322201500114176,0.038361001748182764
614abf3a2bc23633b549ab9b,许赛文,-0.1437389413192607,0.09205216205574564,-0.03887132456860639,-0.10340643205879363,-0.040453452264957834,-0.032663642364987706
5cb28b5ad20f9c210bbc7d87,麦可MKO,-0.09653359455704229,0.019078911142513002,0.010627177369232878,-0.1593173785233691,0.09079489356382253,-0.018093274831505322
56bcb49ebc171b3b6144c92e,仙儿Yoga,-0.059214933641822405,-0.03923643641768456,-0.056434361250287536,-0.00635004588967045,0.02721233941717755,0.06978679831942763
5d42947ed20f9c56b29ea709,卡罗尔的歌,-0.08193505121085527,0.012471323804887587,-0.0820443771654148,0.11082696734307783,-0.07273817944350754,0.09087264036726621
60964fe5d523e909eb9cc45f,Physique57,-0.20169386872403758,0.17481321148487083,-0.006313159758251633,-0.13891304265470372,0.0900043138300019,0.03459376979113158
5d7acb2e790b936b3b2d0aac,龙希龙希,-0.0038564463358711516,-0.12349548749679069,-0.04880320054703908,-0.04084631304760145,0.020271646134552318,0.003504923219019349
623a9dad59b00e00011b156a,浪漫的小木偶,-0.20276313493989664,0.21454299417831293,0.002692342679682786,-0.0008280758029240272,-0.05750874324998675,0.08654109363592774
623a9daf8b99580001405a69,浪漫的神经病一号,-0.22497361865142507,0.23407323551477505,-0.0069484977732170005,-0.0173245961872426,0.07962449702220546,-0.08701697287576414
5a6aa97ee666867ed146adbb,做7分钟的英雄,0.03288065394873183,-0.17538067823537976,-0.04970717589552421,-0.025992835611408915,0.007504408222763311,-0.0318280008301729
559a8db13defbf9e952e80e6,Susandu,0.24583715564059458,-0.5233583455534287,-0.061352292600352305,-0.052644085697455566,0.11501484663138582,0.03142759242098173
593c8a4e493303784e224598,梁颖Yilia,-0.0026365570675134634,-0.12410589121392743,-0.03862696537904035,-0.03996383132749545,0.048279644203794506,0.01819022921092812
5eec8f3ed20f9c65ea59fd49,巨胃莎JWS,-0.019342822600809356,-0.09322881384321983,-0.07046208294264514,-0.0553637788434926,-0.15037188691644035,-0.062313726029934007
623a9ec5e261b900018e6867,激动的内向的花开半夏凉城空,-0.10988753648414042,0.06753697793150087,-0.07129921644342654,0.2159018306663099,0.08856541564380416,-0.11851843462884029
5a54479e9ee4e51ad84d6d5e,Keep_私家课,-0.0606338132948198,-0.022708261343126,-0.06280712760060585,0.0033390434661580196,-0.0671614739754238,-0.1199557131337274
5985dcf12881d70b811143d9,stephen269,0.05981694673793213,-0.2255496113633065,-0.0638621308920938,-0.009493429145446484,0.039598132892303184,0.038076866925001236
59c93d8ae666863660569d9c,悟空bask,-0.004725744538670022,-0.12531543766675976,-0.05108834219884791,-0.03385981219348106,0.04666026428091781,0.0193295701549501
5587eece5f9cd99ebcd823a4,情侣健身的日常,-0.050125274475074914,-0.052170277630529296,-0.05902052115895968,-0.04140441705869604,-0.04418842925119351,0.03596865700593045
623a9d9d8b9958000140596f,倔强的，被遗忘在街角,-0.2779272019782774,0.3381060793140833,-0.047520831498030804,0.2475595179883143,0.10078147648513266,-0.08583961627698822
56c4edd67c543f751043014e,马婉君Pony,-0.0034352199261398274,-0.1224920368181324,-0.0577053984648649,-0.027454362356344,-0.02837309268649403,0.03695736364077373
58304085493303326f9d429e,Amber梨梨橙KTS,-0.04411328440250187,-0.058782385141524535,-0.06142876277205239,0.025946094809017422,0.025954513344303234,0.04652681511201383
56b06cafbb9c3234117ec76a,beryl贝贝,0.06384512989296053,-0.22600328717795562,-0.06089853529177349,-0.0038843080753155563,0.023827843566709528,-0.03647819824515746
61d5504d03ab300001468ca9,誉硕教育,-0.14895024924534492,0.1025365697828924,-0.020073273120706822,-0.08867537637728347,0.025938999659616598,0.014587044025202448
587f8e26387e28374d4a707d,RaindyYyd,-0.17600398799339265,0.1338933067260934,0.006787796931821082,-0.15687675773194276,0.14115752058542047,0.003978395179501617
55857ee1c2f479e465e2649a,Koach淼淼,0.39786711984134904,-0.6968349013019868,0.2117348514093558,-0.22834706798355084,0.10081035569896835,-0.10494047841653244
623a9d9b258c930001e963ef,倔强的世界之大,-0.1419344360753289,0.11176908000163503,-0.009601143509933059,-0.021363813982474257,-0.0345690493725127,0.05125192644575067
5708f8c91710eddc7694df7a,Angelinaw黑天使,-0.27030454693540495,0.3071409350007577,-0.050657911973077674,0.09553062986611338,0.019494761350723123,-0.05167901649851526
55ba4a0c967023870f9792c0,于冰Amanda,-0.1774134226333643,0.16898149126611064,0.00953857779047611,-0.0368663897313907,0.002436361884100797,0.028440156405847485
5e3ce473d20f9c3df278b6d0,一诺三哥,-0.1624614078334798,0.1367484207554554,-0.055421058159084144,0.0563405937116657,-0.05281901889880397,0.07599398865364741
56bc8bcba3d660485741a60c,雕塑者John,-0.06528794239725196,-0.026223632146823526,-0.05112297598055431,-0.022337918849209062,-0.0016716519008308137,0.019490637476424957
623a9db5d611d60001c0ef61,成熟稳重的梦碎人亦醒,-0.26212861026114387,0.30188928939658183,-0.032687304179440047,0.10252191119427644,0.021747949503778827,0.0023829277851238387
623a9dae7f3874000182a32c,侠义的柠栀,-0.2631067389110308,0.30873425983662495,-0.0009900392318451968,0.06273655336102298,0.029209444216063807,0.03881980482992712
623a9d9c1e3e850001b37743,风趣幽默的深似海,-0.19233211357779864,0.17986819585359196,-0.009123618918058587,-0.0812244280308402,-0.032025840379992544,0.03391237030480692
605afeb42bc23674fcbf206f,好课种草君,-0.16353586935759967,0.12426920433498782,-0.05240628055202144,-0.031157306892467627,-0.02140221202825767,0.01211577841870198
56e971a28e46b61b05b46998,青亭carina,-0.09384708291654459,0.012400681492372589,-0.05021846997748742,-0.034023036915433805,0.021831538489874125,0.05860590939725947
576b4d23169ed6fc08943307,Judy果蝈,-0.1790666143226971,0.14240213727320442,0.003914842968356379,-0.06818779368695034,0.25576872140993345,-0.06276541915155527
6230814f00766a00018e9f7f,侠义的瑾夏年华,-0.1625994903085288,0.13310511226997646,-0.011642652220027545,-0.10308968655232438,-0.06458208343741091,0.018836837012170333
56d77a83d69b2ba91b389402,是谱蓝耶,-0.1770103943908387,0.14206581124686407,-0.045588519329888305,-0.06458610278792236,-0.026824261956422256,0.04636172772717912
5890b78d8c26a329539ccf8f,卡路里老师,-0.003393406477452057,-0.12621706161242502,-0.05328931264501279,-0.039431511853553175,0.02552083396035131,-0.024272139114016076
623a9d9d7f3874000182a228,直率的听说标题会诱惑人i,-0.22325450272554676,0.2264861593913191,0.014749422146491808,-0.0782146284907436,0.10054833581959234,-0.025003453920857666
5664083ead934410d1e854aa,可欣孕产理疗瑜伽,-0.18277475322559658,0.14413556574065195,-0.02595469681886424,-0.10326550754404522,0.05438965660696894,0.0653823339701412
5c6e4a27e666862b15325a9a,今哥YO健身,-0.127235770587106,0.06891115784303832,-0.042091687955918576,-0.08379502883412439,-0.061334647297494965,-0.001813537173897883
54c2794271199612375c0486,灵魂健身杨老师,0.08717357434041967,-0.27012632803274234,-0.07332028338678372,0.0166844574789213,0.06210664941457809,0.04139330419616578
57c5a80631f11605c5ee406c,Koach郑伟,-0.15355757163076683,0.11803911942442316,-0.016866289656939957,-0.05558889526855968,0.013799702425565899,-0.016303387734705917
56721aa01cf861e88704922f,Jenny芭蕾,-0.1888805691049701,0.17018736553677888,-0.03984802302725342,-0.0025330233352847207,-0.0011667785746728944,0.04483011349119849
56cd3ac339639ca30385e11c,海上段段,-0.0084058612408362,-0.11635916251020602,-0.06526322491068565,0.02555246936073391,0.025670022952749463,0.07468604564267821
584ea52a387e28075f51e0a7,早起的虫儿啥都吃,0.045554884703328524,-0.19901484683012854,-0.07299431092223092,-0.009545816734862465,-0.03864866256821599,-0.019186248118067604
55914e180fda796808bc7bae,MsGary林嘉仪,-0.004961804261261137,-0.11217102120833239,-0.05122585161166827,0.008791862605568102,-0.014476352443425045,0.004308240129468174
578b7bdfd3d8ac36058da725,莺心而悦,0.08123756245724166,-0.26465532221324833,-0.044204338859629995,-0.08236924581971039,0.0783249461731852,0.001753831905699046
5716757474a209e959a40629,王立鑫Tony,-0.06325856773895397,-0.033937004536043376,-0.055404235384179455,-0.023481167618709522,0.008429348934023624,0.06376240306016497
623a9d952bfd5a00019016f2,倔强的多活一点给自己看,-0.07441530072640422,-0.008923091501410591,-0.03347519037005745,-0.012703542088286434,0.07135635152551908,-0.021571207154887233
623a9dcb4b91940001707300,勤奋的我的高傲尔等岂懂,-0.21911250227199394,0.22889598627690777,-0.04692123439181169,0.07377867486272827,-0.010173976726551359,-0.02779470567951208
623a9d95e261b900018e57e2,慷慨的疯子的梦想,-0.23971802224294472,0.25158400043950335,0.003800728699735869,-0.10407631224975782,-0.007440975629680859,0.030115252234185493
5e7b05fdd20f9c61e9018603,每日瑜伽DailyYoga,0.14363838560721787,-0.3388307441537096,-0.02010321481999311,-0.061002978343611104,0.0038068610646089353,0.005790470093277731
62615c5f0532440001998bc4,徐伯鲁,-0.0902210253647998,0.019892971187454058,-0.052177982404893304,0.04364616424615459,0.043826867621718245,-0.05579005963486632
55f01efa44f6fa9cbd981764,我就是那个Yang,-0.11769085987478904,0.04555300903481476,-0.04524038526073741,-0.051431845527635474,0.03922927988765331,0.08995206555280988
591d20ae387e281d311c293c,练食记,-0.11437700121197211,0.05446249645184853,-0.06287245407737327,0.015491847684098134,-0.03985247899196618,-0.02006123968962421
5c42984a462f1b7d6c8d89dd,爱瑜伽的Tina-Yoga,-0.025804263288297356,-0.09208148414574267,-0.03435786466165307,-0.09063863286065259,0.010468127273577672,0.02737561513112612
5747996f41052fe155b97783,万小歪Nikkie,-0.22843513277907257,0.22038919812359933,-0.024981953243025663,-0.09965824848550899,0.011842142839635677,0.042654190747356525
623a9dadd611d60001c0ef01,风趣幽默的微风吹眉颜,-0.240550185668554,0.2758258110189696,-0.0007623200670617253,0.06492202804045734,0.007849561347217867,0.03666262523967695
6230814e4012930001d6f76b,随和的奢望,-0.23399529138456063,0.23176819919400454,-0.020088471477208086,-0.10424003270336728,0.01899168322537586,-0.027662853207538026
623a9daf57a9d60001df2ce1,慷慨的余生不走感情路,-0.21296559446180333,0.21423247924591868,-0.014373178601531375,-0.04152996152883189,-0.02583411502954707,0.04825344995107888
55626b751ba0f4343456a03b,刘小平Allen,-0.19215455394398828,0.16004481539846252,-0.018062101328718695,-0.1205617774425202,0.05689448964193952,0.044642349743063775
5ea53aa3d20f9c20ef62f87e,轻奢小课,0.14123748399554167,-0.31034806115276836,0.0002554793748237767,-0.008411925939699128,-0.07761798558203654,-0.0024485575259795356
5e900f786fbc5661efdeb449,Keep节奏燃脂,-0.04591930337125785,-0.06828180632214165,-0.054497239303202945,-0.05910317842957866,0.02518826150594956,0.09068903318302937
56f40fb9aa3f5d2a055f6e57,Quarter爱健身,-0.1429599919075937,0.08994791707905886,-0.023666011152701373,-0.12487942479041189,-0.020054050951507457,0.01950698067369823
56735d7bc69ddd53b8a1b43f,粗线条大女人,-0.05291365932915208,-0.04204144459073548,-0.07790140668778683,0.04444739086502038,-0.04748647255788068,0.01743563483645778
621c47938c579b0001ac2ca0,喝咖啡的成熟稳重的小瓶盖,-0.2724491497188416,0.29856134527777134,-0.01611807992045542,-0.03353207670713333,0.057071438929575946,0.021991746160039596
5d38fdb0c73d803f726db480,Koach-Aurora,-0.17617669107116954,0.13860611072556384,-0.007287069065748517,-0.1662059006489821,0.028556945226994215,-0.05270951334675447
59380a9a89f2d118183da0ed,lanmeng79,-0.02630568239669582,-0.08769859749893504,-0.06623418414442951,-0.029051903651120002,-0.06544369717367181,0.012297237770509156
5ae7f26e7511ce253ee8d585,欢小象,-0.15836431940828594,0.1345009563241955,-0.06495168916101986,0.08303972648189135,-0.04137003175486573,-0.10511751715627288
57b988c5493303213edd22b7,FN撸铁小学生和左一,-0.051455594187320965,-0.054250745762124984,-0.037071836952903774,-0.09341055121351362,0.005069062132725811,0.031107295266069056
601a8aab650b9c2bd6b43a3a,六六爱健身吖,-0.19990779470958064,0.18109891783591672,-0.03655837055985352,-0.04741950079068337,0.016514404188336013,-0.01187077254512396
573c0be149eb01d505563446,Deeena,-0.11618551674364878,0.050131870697943254,-0.042153096841697144,-0.07224286236287986,-0.02701176068425164,0.002755391481173895
623a9dcb7a2da10001b466d5,大方的風涼女子,-0.2864468499595172,0.32299113100184307,0.006171846651428228,-0.06583930281395399,0.0949824808965434,-0.05218014930205006
5b4e0e281cf3d16f2802f807,迟恺Chikai,-0.04410223428460767,-0.05562015260350929,-0.05752499787227874,0.0028522738866564095,-0.02155321610265137,0.00905192320048349
623a9ee559b00e00011b261a,爱运动爱撸铁,-0.18709713686607218,0.16039361839560923,-0.03223672174585729,-0.06345420651384093,0.021646577621162507,-0.012866908545168552
623a9db04b9194000170718c,睿智的不喜欢何必死缠烂打,-0.237450896895485,0.2497725081118917,-0.017887437289685133,-0.04519161970978476,-0.025026407717759845,0.023086329833126203
623a9db67a2da10001b46596,风趣幽默的相思入骨,-0.26471999110188893,0.28863296694257956,-0.02656825476145817,0.01110926774635197,0.04784422756118128,0.06522116903423798
5b44d0aae666866a53805d89,笔立Fit,-0.05127390745847693,-0.03884490021515852,-0.08658349441937054,0.09747415420913155,-0.04956762043138453,-0.013081189036422332
56c9bce21ffa1e263cf643d3,努力练翘臀的爱丽儿,-0.05124503785982761,-0.058549751256651,-0.03615383554002192,-0.06752126364778456,0.08007679554634553,0.08379541542979754
623a9ed7ca0ace00010ffce8,勤奋的浪世,-0.19969877306608375,0.19831255299535724,-0.06388925100299034,0.17417032231051943,0.08262310099536149,-0.01878254419153812
569cf835b55798a02f80c31a,王小懒爱吃肉,0.0009937549895714243,-0.12540430029176788,-0.09748127831264321,0.08615165303418329,-0.08657723176833465,0.09906570073412882
5e5c90d2d20f9c4dddf47a3c,Koach-Freda帆帆,-0.2099872284101848,0.20777295412231667,-0.02588274876072439,-0.04536355457549856,-0.01099606155741413,-0.1296270133790264
573053fa8e32601f4b42d878,人生就是乌鸦与喜鹊的二重唱,-0.1277437864296538,0.08666538126734445,-0.07960782629364561,0.14290821215418217,-0.02659587148751416,-0.01968896394354409
61a6c430e560e80001803306,中国健美协会,-0.010094083395331655,-0.09557716061857364,-0.06433504102720067,0.18835634238657514,0.1526905563861999,-0.052048710270111744
5a7dae26e66686127446a3b7,ZeraJia,0.19560371807370672,-0.445755888258143,-0.09025739790318163,0.07227834704790635,0.13945570157921136,0.14559970259331106
5b06e8d2fe6e4319cd3dcea8,Koach秦兰Queen,-0.12531581685732154,0.06469064096498423,-0.03719414511310689,-0.05013691405613655,0.021361219495413825,0.0170563769404756
56815662672b8b753fcdddd1,健身甜心朵丽丝,0.031082991219376688,-0.18345312154369758,-0.048028316159081125,-0.0867262653255775,0.0008757910108192395,0.01500947770957071
5e7c6194b02f9a09f3d3c373,杨淼淼Yami,-0.18935985069436584,0.16343130872318057,-0.019179520226133447,-0.09282217877785222,0.030925533296083905,-0.0006439112672665823
623a9ed1258c930001e97586,百折不挠的孤久则惯,-0.07450681394224155,-0.010771585852248364,-0.04556299120590214,0.2013836359587499,0.3635473047921621,0.07211553397611671
5722e3adcb178a6202b6f061,Sara苏笑,-0.2601686265949313,0.27774415541804653,-0.04906047688856344,-0.0013222383184580348,-0.01950008125542869,0.0190973984761839
5fdad98290e13b48b40260b0,观心实验室,0.22395299668550767,-0.470097158119794,-0.031535706453087196,0.06320854663027323,0.1963749700063442,0.14036954168206428
58a98c804933034fdd5c82bf,夏石花开i,-0.10819802838712367,0.06776678287572732,-0.09203714841832149,0.24743524876697842,-0.042872807841745644,0.040014407110914994
623a9dae2bfd5a0001901855,乐观的七颜,-0.21740793758330473,0.2277207028642194,-0.01421646816054667,-0.011864623028307444,-0.054874701028750174,0.06441177195962623
623a9ed8d611d60001c0ff24,睿智的文质彬彬的相见不如怀念,-0.2736127297490975,0.30597929493784615,-0.0438215276821722,0.067688535173835,0.051764019894675,-0.01655176111291295
623a9ee37a2da10001b47605,成熟稳重的大叔呀,-0.18978043458560637,0.15780509692341,-0.021092101233440894,-0.0361857870246661,0.1562471284930861,0.08269722976535539
56e443a81211b51505a11acd,Anson董祺,-0.034969578746998686,-0.08195384184462318,-0.052601346744435076,-0.057565564724104346,0.011965685615404021,0.054193593969901956
5583edf90a562b43c047776a,imserein柚子呦呦,-0.08746452455435995,0.022213902145804168,-0.065887220611883,0.09543288439326593,0.006149227019288646,-0.08881574205857401
5a015aeb1cf3d178fd14be02,linda重新来,-0.12688492089790873,0.08759942486753773,-0.0926614460282791,0.16915625697402437,-0.09410293607646165,0.05938198669865217
5502ae47ab2c7c5b30ede09e,麻豆楠姐,-0.14754796732141437,0.09630037005056444,-0.05923772817604645,-0.05451726062199855,-0.0686886177117655,0.03744743036419162
57792244052b084805662a55,诗诗的跑步日记,0.05133738534816234,-0.21812966410756524,-0.058017469720008145,-0.05789326666870933,0.03236954865652286,0.0413307630177889
5c84a7357511ce17b2bb9134,运动员黄子文,-0.3282707375111454,0.3702323176684845,0.0025558619567382563,-0.13677040050240136,0.11349047356372151,0.008962623722255992
56cc8614e7d0d02005c6f556,Sherry002呀,-0.08515318745726894,-0.006009961480985639,-0.045378775794266885,-0.049292758556109095,0.05813348608255616,0.08654620517943236
57c01b2364d328a8526344ec,俊那个逸,-0.2820483911777862,0.32685394553385355,-0.054935854856953154,0.15212153232415226,0.05852961689615153,-0.012840410835614116
5ada78147511ce594a2a5c21,边赛远,0.007591289028062759,-0.1401968722363285,-0.05468728176541094,-0.10331950940901431,-0.09144513975046444,-0.11609201160905057
5f02c9fa2bc2367f97f986f9,小李茜POP,-0.11075344120221367,0.0560694241779658,-0.047786578880986155,0.12676270318574692,0.16009789614393527,-0.08842334487893691
579c1af24be7a57706be3162,Koach-Coco,-0.08073328033236524,-0.004708923949202462,-0.04242476160936134,-0.02945498947456955,0.05423321582973636,-0.030444218555638315
623a9ed8e261b900018e6958,风趣幽默的旧街凉风,-0.19537952395192995,0.18583951004076404,-0.0502363007153383,0.1912509445326051,0.22460694332164632,0.010523635827685902
57b2ee7e48cdf09e07b58813,Koach冰糖汪,0.016382147016302848,-0.15780546301832202,-0.018627097700800368,-0.06536097684907666,0.12154027434993621,-0.029096554912695218
623a9ee4eb4bb10001af6ca5,可爱的蛋酥软妹,-0.2914997150311358,0.32845096569290516,-0.011036346033279142,0.003055334627651487,0.14126452503753076,-0.0061432212925773945
5795c5db27d7893b052baebe,鉴霖-Lee,-0.09440277636620949,0.015969189392122392,-0.057126681826432005,0.019502397006962064,0.05625057312141511,0.02943353475019615
623a9db6e261b900018e5a19,内向的月盈则亏,-0.2738235523899985,0.30715449795732414,-0.007686208911170719,-0.008839034926331946,0.05834200096126715,0.031439640053793266
5ab48ee61cf3d1657266fa37,_Janekim_,-0.031834818107517086,-0.10553824377930027,-0.013734144484159265,-0.21188593964711286,0.13046876268230267,0.048885460197041285
623a9db559b00e00011b15e4,直率的花溪信马,-0.28292727607569707,0.3229950577409424,-0.03230108367427445,0.01622548689860609,0.006607068598045724,-0.07184060892011299
5d3156f9b52fab0ccee12d56,Jenniing,-0.12924013794023642,0.07089345013872457,-0.05157102669816161,-0.027352063066614255,-0.010626383916510865,0.021257379468386475
59a026e4094afb50e5cd0af8,亚小男呀_,-0.020796718195258697,-0.09767385877242236,-0.0802909534122003,-0.04667435806178959,-0.14330783600644886,0.0032503777299465876
5a35b82e7511ce733457eda6,瑜伽小仙女呀,-0.0715273932797868,0.0061393696916451175,-0.09362098062142009,0.1002412964553528,-0.1827241171316457,-0.14421437377351434
593a95ff31f116222fb06fac,佳音女,0.07142961445899015,-0.24592399950383284,-0.06193821676208407,-0.12826860635777673,-0.10509267644735654,-0.05389592998727069
5b7188bfe666867f4a94c2d9,阿七教你瘦,0.2377748433955961,-0.48328271763186514,-0.08754725385992107,0.012647796979277958,-0.131235407796904,-0.17313227123779606
56e03784346d5a1205c09712,老兵69,-0.01391026479543875,-0.10406897710508754,-0.056757561435231675,-0.014724478393572476,-0.0021759428966410563,-0.06869322599050437
560a88d664d2c2d8f71f0cd6,Lynn仔在这儿,-0.12959737220218837,0.0528046947120492,-0.02053485318992601,-0.15685479494163013,0.09135486023665128,0.07377986338672657
565f0f15e104bb3f053c82e6,何尧Feynman,-0.24879828980953242,0.2461571709220501,-0.022153732651286673,-0.09166754348312287,0.08596049700334152,0.05788753836662315
623a9da67f3874000182a2b0,侠义的♚如初i,0.07073205062719341,-0.25045812670179135,-0.05543458295295276,-0.1402557247799306,-0.04637486436314212,-0.02470606260192592
5ebc9892b52fab3e4d17734e,芭蕾王子Julian,-0.06260150060158601,-0.031840779239646434,-0.038163564513487874,-0.02639600159842262,0.03217325649611139,0.10527557346606735
5e86b4dd790b9317667e257f,十点课堂,0.24003459731368118,-0.48128750310772467,-0.04288609969069851,0.01427798497341573,-0.028238117357939335,-0.06225279689834637
57d197cd4933031ef452a8be,孕产小9,-0.0399226891565951,-0.05919470035374664,-0.019164244704817833,-0.03926023360726908,0.04244166326417305,0.037601230436373395
5f97fdc7d9e7c4253a468557,James赵健康,-0.15660056424527077,0.12963245347142197,-0.04390417495612725,0.14460302408100595,0.1572732178805632,-0.04019590867552838
5537e7593eeaae0a095b1be7,PEIYUE佩悦,-0.11366385175683281,0.03494530713292849,-0.055143563253909976,-0.12916016865225846,-0.09185743078652855,0.08211287232019986
55d31d83792f888e81c37484,Lynnlinmm,-0.2070469911666994,0.18070237050450816,-0.04210390061331168,-0.019988821369870232,0.10568496022673106,0.13496165961119475
56c53488a4af7fe26bbb71c2,抹茶小朵,0.05757448743643224,-0.2220505815203891,-0.07002541413445793,-0.0394200773369463,-0.032558039713924306,-0.017772985499031117
5e5f8de5b02f9a19bd4faa55,随缘瑜伽小课堂,-0.17025647148819056,0.12259015466986367,-0.03883580269958596,-0.06882113034924896,0.07000883333225887,0.0942073841941968
56caf9c00513dd220531a651,Angelica杜杜,-0.20488405993544495,0.18951097164985287,-0.07212809776956063,0.08407519456767609,0.019666369298498187,0.12405224585737891
5ac7924de666864ca1e2e299,ZIRUYIN-跟佩丝健身,-0.26222979233976385,0.2772489590088013,-0.06474241718549043,0.03506001950366901,-0.02552308986967458,0.11703071978560207
6195bd2514bfcd286c52f603,白山山_Shanshan,-0.21481208484859643,0.22270050049047574,-0.03143550616826296,0.09138006994448264,0.12268798610687193,-0.16133945447144005
6052a92ba78eee41a7263e88,Paris-叶子,-0.06088514694223253,-0.040154033318768004,-0.07766968259223155,-0.004863502002867768,-0.04994046727155643,0.09253280007056432
56df8c35e48fcbd4579bbc4d,五花大绑的五花肉,0.2825920092369706,-0.5609698458818777,-0.07992189278517153,0.04265321088107739,0.03694290771749314,-0.13996255012869943
624162d0c2fa8b000172c193,FILA_斐乐,-0.22667653507415172,0.19443112435077733,-0.02139685579669759,-0.19325917513285343,0.06402982117560785,0.18456388598184517
5e09f45cd20f9c6f30d407b7,关注小天同学,0.04974738557101847,-0.09773693400943949,-0.22348553403538443,1.0569139353546326,-0.011659922204333536,-0.21612116702779216
5b87bc657511ce13dba5eaf7,壹心理学堂,0.11014067610267177,-0.29253346909595174,-0.08178189234236952,0.08549474584122231,0.03396826906646372,-0.06629267871165871
560dc3b0b6dd35f772ef28dc,金紫亦,0.08160838513690018,-0.2550117409285955,-0.07157773478054823,-0.09785984827782138,-0.1487926005468587,-0.10949116975912326
56cd0d400b63c2d81ba64436,覃迷瞪,0.18556572718634456,-0.4195781495172774,-0.0932794371939112,-0.02014318928939472,-0.09037063374203594,-0.022054121259811925
5538ddeb4e26423463bde7bd,暴走小姐,0.14996376008826826,-0.3749960806167764,-0.07200679489350026,-0.15348834618779383,-0.11607772469168257,-0.012111726560100296
5af2b30c7511ce46adaf5012,JenniferMore,-0.01690348900751506,-0.07769344539306199,-0.0685581856980618,0.14712008598495854,0.031921718918292846,-0.20695600895452507
5bbd2930e666862f7dc39c7e,SBODY运动研究室,0.4348897348298961,-0.8087585417306506,-0.11835411835671675,-0.03134423135296187,-0.14237153224169335,-0.039917206195152946
5a6b52a11cf3d11ede9baf1b,Ibuki_Imata,0.009532146806736657,-0.15605559058920387,-0.07582154782485395,-0.09655082316692919,-0.11179153065569221,0.09240656609798364
